nome,cpf,idade,endereco,estado,data,estado
Sr. Vitor Gabriel Silva,. .***.***-0,,Endereço Invalido,Estado Desconhecido,,Estado Desconhecido
Calebe Santos,. .***.***-1,,Endereço Invalido,Estado Desconhecido,,Estado Desconhecido
Maria Julia Castro,. .***.***-4,,Endereço Invalido,Estado Desconhecido,,Estado Desconhecido
Arthur Da Rosa,. .***.***-5,,Endereço Invalido,Estado Desconhecido,,Estado Desconhecido
Juan Pereira,. .***.***-0,,Endereço Invalido,Estado Desconhecido,,Estado Desconhecido
Dra. Ana Laura Ribeiro,. .***.***-0,,Endereço Invalido,Estado Desconhecido,,Estado Desconhecido
Maria Clara Araújo,. .***.***-0,,Endereço Invalido,Estado Desconhecido,,Estado Desconhecido
Vitória Oliveira,. .***.***-2,,Endereço Invalido,Estado Desconhecido,,Estado Desconhecido
Benjamin Oliveira,. .***.***-1,,Endereço Invalido,Estado Desconhecido,,Estado Desconhecido
Pietro Barros,. .***.***-3,,Endereço Invalido,Estado Desconhecido,,Estado Desconhecido
Samuel Cavalcanti,. .***.***-0,,Endereço Invalido,Estado Desconhecido,,Estado Desconhecido
Ian Da Costa,. .***.***-4,,Endereço Invalido,Estado Desconhecido,,Estado Desconhecido
Dr. Emanuel Costa,. .***.***-6,,Endereço Invalido,Estado Desconhecido,,Estado Desconhecido
Larissa Da Cruz,. .***.***-8,,Endereço Invalido,Estado Desconhecido,,Estado Desconhecido
Diogo Carvalho,. .***.***-8,,Endereço Invalido,Estado Desconhecido,,Estado Desconhecido
Sr. Anthony Almeida,. .***.***-5,,Endereço Invalido,Estado Desconhecido,,Estado Desconhecido
Clara Martins,. .***.***-7,,Endereço Invalido,Estado Desconhecido,,Estado Desconhecido
Dr. Luiz Felipe Cardoso,. .***.***-4,,Endereço Invalido,Estado Desconhecido,,Estado Desconhecido
Sr. Calebe Lopes,. .***.***-5,,Endereço Invalido,Estado Desconhecido,,Estado Desconhecido
Miguel Monteiro,. .***.***-7,,Endereço Invalido,Estado Desconhecido,,Estado Desconhecido
Srta. Catarina Da Mata,. .***.***-8,,Endereço Invalido,Estado Desconhecido,,Estado Desconhecido
João Gabriel Araújo,. .***.***-5,,Endereço Invalido,Estado Desconhecido,,Estado Desconhecido
Sr. Nicolas Azevedo,. .***.***-6,,Endereço Invalido,Estado Desconhecido,,Estado Desconhecido
Kamilly Caldeira,. .***.***-8,,Endereço Invalido,Estado Desconhecido,,Estado Desconhecido
Renan Araújo,. .***.***-6,,Endereço Invalido,Estado Desconhecido,,Estado Desconhecido
Vicente Nascimento,. .***.***-4,,Endereço Invalido,Estado Desconhecido,,Estado Desconhecido
Isaac Rocha,. .***.***-3,,Endereço Invalido,Estado Desconhecido,,Estado Desconhecido
Julia Das Neves,. .***.***-9,,Endereço Invalido,Estado Desconhecido,,Estado Desconhecido
Breno Rodrigues,. .***.***-6,,Endereço Invalido,Estado Desconhecido,,Estado Desconhecido
Isabel Nogueira,. .***.***-8,,Endereço Invalido,Estado Desconhecido,,Estado Desconhecido
Anthony Araújo,. .***.***-8,,Endereço Invalido,Estado Desconhecido,,Estado Desconhecido
Sra. Marina Da Cunha,. .***.***-7,,Endereço Invalido,Estado Desconhecido,,Estado Desconhecido
Helena Cardoso,. .***.***-3,,Endereço Invalido,Estado Desconhecido,,Estado Desconhecido
Luigi Nunes,. .***.***-3,,Endereço Invalido,Estado Desconhecido,,Estado Desconhecido
Srta. Raquel Da Costa,. .***.***-8,,Endereço Invalido,Estado Desconhecido,,Estado Desconhecido
Sra. Ana Vitória Oliveira,. .***.***-0,,Endereço Invalido,Estado Desconhecido,,Estado Desconhecido
Luiza Campos,. .***.***-4,,Endereço Invalido,Estado Desconhecido,,Estado Desconhecido
Lucca Da Paz,. .***.***-6,,Endereço Invalido,Estado Desconhecido,,Estado Desconhecido
Nathan Da Rosa,. .***.***-7,,Endereço Invalido,Estado Desconhecido,,Estado Desconhecido
Lívia Silveira,. .***.***-4,,Endereço Invalido,Estado Desconhecido,,Estado Desconhecido
Isabel Cavalcanti,. .***.***-2,,Endereço Invalido,Estado Desconhecido,,Estado Desconhecido
Rafael Nunes,. .***.***-5,,Endereço Invalido,Estado Desconhecido,,Estado Desconhecido
Elisa Fogaça,. .***.***-2,,Endereço Invalido,Estado Desconhecido,,Estado Desconhecido
Agatha Ramos,. .***.***-8,,Endereço Invalido,Estado Desconhecido,,Estado Desconhecido
Kamilly Rocha,. .***.***-6,,Endereço Invalido,Estado Desconhecido,,Estado Desconhecido
Antônio Das Neves,. .***.***-5,,Endereço Invalido,Estado Desconhecido,,Estado Desconhecido
Luiz Gustavo Alves,. .***.***-8,,Endereço Invalido,Estado Desconhecido,,Estado Desconhecido
Emanuella Fernandes,. .***.***-7,,Endereço Invalido,Estado Desconhecido,,Estado Desconhecido
Srta. Ana Beatriz Farias,. .***.***-1,,Endereço Invalido,Estado Desconhecido,,Estado Desconhecido
Yago Monteiro,. .***.***-5,,Endereço Invalido,Estado Desconhecido,,Estado Desconhecido
Yasmin Gonçalves,. .***.***-7,,Endereço Invalido,Estado Desconhecido,,Estado Desconhecido
Bruna Nascimento,. .***.***-2,,Endereço Invalido,Estado Desconhecido,,Estado Desconhecido
Davi Luiz Nogueira,. .***.***-3,,Endereço Invalido,Estado Desconhecido,,Estado Desconhecido
Ian Monteiro,. .***.***-4,,Endereço Invalido,Estado Desconhecido,,Estado Desconhecido
Srta. Helena Silva,. .***.***-5,,Endereço Invalido,Estado Desconhecido,,Estado Desconhecido
Bárbara Novaes,. .***.***-8,,Endereço Invalido,Estado Desconhecido,,Estado Desconhecido
Sr. Pedro Lucas Costela,. .***.***-4,,Endereço Invalido,Estado Desconhecido,,Estado Desconhecido
Rafael Jesus,. .***.***-3,,Endereço Invalido,Estado Desconhecido,,Estado Desconhecido
Sra. Alícia Caldeira,. .***.***-1,,Endereço Invalido,Estado Desconhecido,,Estado Desconhecido
Danilo Martins,. .***.***-0,,Endereço Invalido,Estado Desconhecido,,Estado Desconhecido
Sr. Gabriel Da Rosa,. .***.***-0,,Endereço Invalido,Estado Desconhecido,,Estado Desconhecido
Augusto Teixeira,. .***.***-2,,Endereço Invalido,Estado Desconhecido,,Estado Desconhecido
Ana Julia Da Rosa,. .***.***-0,,Endereço Invalido,Estado Desconhecido,,Estado Desconhecido
Lucca Barbosa,. .***.***-6,,Endereço Invalido,Estado Desconhecido,,Estado Desconhecido
Amanda Da Costa,. .***.***-8,,Endereço Invalido,Estado Desconhecido,,Estado Desconhecido
Dr. Francisco Cardoso,. .***.***-0,,Endereço Invalido,Estado Desconhecido,,Estado Desconhecido
Lorena Farias,. .***.***-8,,Endereço Invalido,Estado Desconhecido,,Estado Desconhecido
Anthony Da Costa,. .***.***-5,,Endereço Invalido,Estado Desconhecido,,Estado Desconhecido
Cauã Rodrigues,. .***.***-7,,Endereço Invalido,Estado Desconhecido,,Estado Desconhecido
Anthony Barbosa,. .***.***-1,,Endereço Invalido,Estado Desconhecido,,Estado Desconhecido
Ana Julia Almeida,. .***.***-9,,Endereço Invalido,Estado Desconhecido,,Estado Desconhecido
Milena Barros,. .***.***-4,,Endereço Invalido,Estado Desconhecido,,Estado Desconhecido
Murilo Gomes,. .***.***-9,,Endereço Invalido,Estado Desconhecido,,Estado Desconhecido
Daniel Barbosa,. .***.***-2,,Endereço Invalido,Estado Desconhecido,,Estado Desconhecido
Dr. Samuel Cardoso,. .***.***-9,,Endereço Invalido,Estado Desconhecido,,Estado Desconhecido
Ana Laura Sales,. .***.***-3,,Endereço Invalido,Estado Desconhecido,,Estado Desconhecido
Mariana Cunha,. .***.***-2,,Endereço Invalido,Estado Desconhecido,,Estado Desconhecido
Sr. João Guilherme Cavalcanti,. .***.***-7,,Endereço Invalido,Estado Desconhecido,,Estado Desconhecido
Kamilly Rocha,. .***.***-5,,Endereço Invalido,Estado Desconhecido,,Estado Desconhecido
Gabriel Nunes,. .***.***-0,,Endereço Invalido,Estado Desconhecido,,Estado Desconhecido
Rafael Correia,. .***.***-9,,Endereço Invalido,Estado Desconhecido,,Estado Desconhecido
Ana Lívia Barbosa,. .***.***-5,,Endereço Invalido,Estado Desconhecido,,Estado Desconhecido
Maitê Teixeira,. .***.***-4,,Endereço Invalido,Estado Desconhecido,,Estado Desconhecido
Carlos Eduardo Santos,. .***.***-7,,Endereço Invalido,Estado Desconhecido,,Estado Desconhecido
Enzo Gabriel Araújo,. .***.***-9,,Endereço Invalido,Estado Desconhecido,,Estado Desconhecido
Breno Moreira,. .***.***-4,,Endereço Invalido,Estado Desconhecido,,Estado Desconhecido
Julia Lopes,. .***.***-6,,Endereço Invalido,Estado Desconhecido,,Estado Desconhecido
André Lima,. .***.***-5,,Endereço Invalido,Estado Desconhecido,,Estado Desconhecido
João Gabriel Barbosa,. .***.***-0,,Endereço Invalido,Estado Desconhecido,,Estado Desconhecido
,. .***.***-8,,Endereço Invalido,Estado Desconhecido,,Estado Desconhecido
João Felipe Oliveira,. .***.***-0,,Endereço Invalido,Estado Desconhecido,,Estado Desconhecido
Samuel Vieira,. .***.***-8,,Endereço Invalido,Estado Desconhecido,,Estado Desconhecido
Lucca Ferreira,. .***.***-7,,Endereço Invalido,Estado Desconhecido,,Estado Desconhecido
Samuel Castro,. .***.***-2,,Endereço Invalido,Estado Desconhecido,,Estado Desconhecido
Maria Vitória Teixeira,. .***.***-6,,Endereço Invalido,Estado Desconhecido,,Estado Desconhecido
Maria Fernanda Farias,. .***.***-7,,Endereço Invalido,Estado Desconhecido,,Estado Desconhecido
Fernanda Sales,. .***.***-9,,Endereço Invalido,Estado Desconhecido,,Estado Desconhecido
Srta. Eduarda Nogueira,. .***.***-2,,Endereço Invalido,Estado Desconhecido,,Estado Desconhecido
Maitê Ferreira,. .***.***-6,,Endereço Invalido,Estado Desconhecido,,Estado Desconhecido
Catarina Pires,. .***.***-9,,Endereço Invalido,Estado Desconhecido,,Estado Desconhecido
Manuela Da Rocha,. .***.***-9,,Endereço Invalido,Estado Desconhecido,,Estado Desconhecido
Nina Moura,. .***.***-4,,Endereço Invalido,Estado Desconhecido,,Estado Desconhecido
Pedro Henrique Vieira,. .***.***-6,,Endereço Invalido,Estado Desconhecido,,Estado Desconhecido
Ana Clara Cunha,. .***.***-2,,Endereço Invalido,Estado Desconhecido,,Estado Desconhecido
Pietra Santos,. .***.***-8,,Endereço Invalido,Estado Desconhecido,,Estado Desconhecido
Sr. Theo Da Conceição,. .***.***-4,,Endereço Invalido,Estado Desconhecido,,Estado Desconhecido
Vinicius Da Costa,. .***.***-3,,Endereço Invalido,Estado Desconhecido,,Estado Desconhecido
Pedro Henrique Cunha,. .***.***-9,,Endereço Invalido,Estado Desconhecido,,Estado Desconhecido
Davi Nogueira,. .***.***-4,,Endereço Invalido,Estado Desconhecido,,Estado Desconhecido
Luiz Fernando Da Paz,. .***.***-9,,Endereço Invalido,Estado Desconhecido,,Estado Desconhecido
Srta. Letícia Rocha,. .***.***-7,,Endereço Invalido,Estado Desconhecido,,Estado Desconhecido
João Nogueira,. .***.***-7,,Endereço Invalido,Estado Desconhecido,,Estado Desconhecido
João Gabriel Cardoso,. .***.***-2,,Endereço Invalido,Estado Desconhecido,,Estado Desconhecido
Ryan Ribeiro,. .***.***-9,,Endereço Invalido,Estado Desconhecido,,Estado Desconhecido
Olivia Das Neves,. .***.***-4,,Endereço Invalido,Estado Desconhecido,,Estado Desconhecido
Sr. Luiz Miguel Pinto,. .***.***-2,,Endereço Invalido,Estado Desconhecido,,Estado Desconhecido
Elisa Teixeira,. .***.***-7,,Endereço Invalido,Estado Desconhecido,,Estado Desconhecido
Pedro Miguel Das Neves,. .***.***-3,,Endereço Invalido,Estado Desconhecido,,Estado Desconhecido
Maria Luiza Azevedo,. .***.***-4,,Endereço Invalido,Estado Desconhecido,,Estado Desconhecido
Lorenzo Silva,. .***.***-2,,Endereço Invalido,Estado Desconhecido,,Estado Desconhecido
Bianca Souza,. .***.***-3,,Endereço Invalido,Estado Desconhecido,,Estado Desconhecido
Vitor Azevedo,. .***.***-3,,Endereço Invalido,Estado Desconhecido,,Estado Desconhecido
Enzo Gabriel Lima,. .***.***-7,,Endereço Invalido,Estado Desconhecido,,Estado Desconhecido
Eduarda Cunha,. .***.***-3,,Endereço Invalido,Estado Desconhecido,,Estado Desconhecido
Sra. Nicole Da Rocha,. .***.***-7,,Endereço Invalido,Estado Desconhecido,,Estado Desconhecido
Ana Clara Santos,. .***.***-0,,Endereço Invalido,Estado Desconhecido,,Estado Desconhecido
Enzo Gabriel Castro,. .***.***-4,,Endereço Invalido,Estado Desconhecido,,Estado Desconhecido
Nicole Ferreira,. .***.***-1,,Endereço Invalido,Estado Desconhecido,,Estado Desconhecido
Erick Sales,. .***.***-8,,Endereço Invalido,Estado Desconhecido,,Estado Desconhecido
Anthony Barros,. .***.***-2,,Endereço Invalido,Estado Desconhecido,,Estado Desconhecido
Renan Da Rocha,. .***.***-6,,Endereço Invalido,Estado Desconhecido,,Estado Desconhecido
Marcela Santos,. .***.***-3,,Endereço Invalido,Estado Desconhecido,,Estado Desconhecido
Carolina Melo,. .***.***-0,,Endereço Invalido,Estado Desconhecido,,Estado Desconhecido
Lavínia Rezende,. .***.***-6,,Endereço Invalido,Estado Desconhecido,,Estado Desconhecido
Srta. Julia Porto,. .***.***-2,,Endereço Invalido,Estado Desconhecido,,Estado Desconhecido
Alana Cardoso,. .***.***-2,,Endereço Invalido,Estado Desconhecido,,Estado Desconhecido
Davi Lucas Cardoso,. .***.***-5,,Endereço Invalido,Estado Desconhecido,,Estado Desconhecido
Raul Santos,. .***.***-5,,Endereço Invalido,Estado Desconhecido,,Estado Desconhecido
Igor Melo,. .***.***-1,,Endereço Invalido,Estado Desconhecido,,Estado Desconhecido
Joaquim Da Costa,. .***.***-4,,Endereço Invalido,Estado Desconhecido,,Estado Desconhecido
João Felipe Farias,. .***.***-6,,Endereço Invalido,Estado Desconhecido,,Estado Desconhecido
Manuela Almeida,. .***.***-7,,Endereço Invalido,Estado Desconhecido,,Estado Desconhecido
Ryan Rocha,. .***.***-8,,Endereço Invalido,Estado Desconhecido,,Estado Desconhecido
Luna Da Conceição,. .***.***-5,,Endereço Invalido,Estado Desconhecido,,Estado Desconhecido
Manuela Silva,. .***.***-1,,Endereço Invalido,Estado Desconhecido,,Estado Desconhecido
Maria Vitória Das Neves,. .***.***-1,,Endereço Invalido,Estado Desconhecido,,Estado Desconhecido
Marcela Cunha,. .***.***-4,,Endereço Invalido,Estado Desconhecido,,Estado Desconhecido
Bryan Souza,. .***.***-3,,Endereço Invalido,Estado Desconhecido,,Estado Desconhecido
Kevin Cavalcanti,. .***.***-8,,Endereço Invalido,Estado Desconhecido,,Estado Desconhecido
Sr. João Gabriel Martins,. .***.***-4,,Endereço Invalido,Estado Desconhecido,,Estado Desconhecido
Gabriela Da Mata,. .***.***-6,,Endereço Invalido,Estado Desconhecido,,Estado Desconhecido
Srta. Júlia Fernandes,. .***.***-0,,Endereço Invalido,Estado Desconhecido,,Estado Desconhecido
Bárbara Silveira,. .***.***-6,,Endereço Invalido,Estado Desconhecido,,Estado Desconhecido
Vinicius Jesus,. .***.***-9,,Endereço Invalido,Estado Desconhecido,,Estado Desconhecido
Srta. Alice Pires,. .***.***-6,,Endereço Invalido,Estado Desconhecido,,Estado Desconhecido
Lara Ferreira,. .***.***-8,,Endereço Invalido,Estado Desconhecido,,Estado Desconhecido
Felipe Freitas,. .***.***-3,,Endereço Invalido,Estado Desconhecido,,Estado Desconhecido
Maysa Pires,. .***.***-2,,Endereço Invalido,Estado Desconhecido,,Estado Desconhecido
Letícia Da Mata,. .***.***-8,,Endereço Invalido,Estado Desconhecido,,Estado Desconhecido
Luigi Cunha,. .***.***-3,,Endereço Invalido,Estado Desconhecido,,Estado Desconhecido
Lucas Gabriel Gomes,. .***.***-0,,Endereço Invalido,Estado Desconhecido,,Estado Desconhecido
Emanuelly Costela,. .***.***-2,,Endereço Invalido,Estado Desconhecido,,Estado Desconhecido
Calebe Nascimento,. .***.***-1,,Endereço Invalido,Estado Desconhecido,,Estado Desconhecido
Juan Pires,. .***.***-9,,Endereço Invalido,Estado Desconhecido,,Estado Desconhecido
Lívia Costa,. .***.***-2,,Endereço Invalido,Estado Desconhecido,,Estado Desconhecido
Davi Lucas Nunes,. .***.***-9,,Endereço Invalido,Estado Desconhecido,,Estado Desconhecido
Dr. Lucca Oliveira,. .***.***-6,,Endereço Invalido,Estado Desconhecido,,Estado Desconhecido
Eduardo Monteiro,. .***.***-7,,Endereço Invalido,Estado Desconhecido,,Estado Desconhecido
Diogo Moraes,. .***.***-1,,Endereço Invalido,Estado Desconhecido,,Estado Desconhecido
Felipe Freitas,. .***.***-7,,Endereço Invalido,Estado Desconhecido,,Estado Desconhecido
Ryan Peixoto,. .***.***-0,,Endereço Invalido,Estado Desconhecido,,Estado Desconhecido
Otávio Pires,. .***.***-6,,Endereço Invalido,Estado Desconhecido,,Estado Desconhecido
Thiago Moreira,. .***.***-3,,Endereço Invalido,Estado Desconhecido,,Estado Desconhecido
Pietro Lopes,. .***.***-8,,Endereço Invalido,Estado Desconhecido,,Estado Desconhecido
Gabriela Gomes,. .***.***-7,,Endereço Invalido,Estado Desconhecido,,Estado Desconhecido
João Miguel Viana,. .***.***-3,,Endereço Invalido,Estado Desconhecido,,Estado Desconhecido
Sr. Luiz Henrique Nunes,. .***.***-1,,Endereço Invalido,Estado Desconhecido,,Estado Desconhecido
Srta. Ana Sophia Viana,. .***.***-7,,Endereço Invalido,Estado Desconhecido,,Estado Desconhecido
Sr. Marcelo Aragão,. .***.***-8,,Endereço Invalido,Estado Desconhecido,,Estado Desconhecido
Enzo Gabriel Da Mota,. .***.***-8,,Endereço Invalido,Estado Desconhecido,,Estado Desconhecido
Benjamin Da Rosa,. .***.***-5,,Endereço Invalido,Estado Desconhecido,,Estado Desconhecido
Ana Rezende,. .***.***-6,,Endereço Invalido,Estado Desconhecido,,Estado Desconhecido
Dr. Thomas Dias,. .***.***-7,,Endereço Invalido,Estado Desconhecido,,Estado Desconhecido
Breno Ribeiro,. .***.***-3,,Endereço Invalido,Estado Desconhecido,,Estado Desconhecido
Lucas Gabriel Novaes,. .***.***-6,,Endereço Invalido,Estado Desconhecido,,Estado Desconhecido
Vicente Rodrigues,. .***.***-8,,Endereço Invalido,Estado Desconhecido,,Estado Desconhecido
João Lucas Vieira,. .***.***-5,,Endereço Invalido,Estado Desconhecido,,Estado Desconhecido
Dr. Luiz Henrique Freitas,. .***.***-1,,Endereço Invalido,Estado Desconhecido,,Estado Desconhecido
Dra. Luiza Da Conceição,. .***.***-9,,Endereço Invalido,Estado Desconhecido,,Estado Desconhecido
Benjamin Cavalcanti,. .***.***-7,,Endereço Invalido,Estado Desconhecido,,Estado Desconhecido
Murilo Mendes,. .***.***-3,,Endereço Invalido,Estado Desconhecido,,Estado Desconhecido
Dr. Renan Rezende,. .***.***-9,,Endereço Invalido,Estado Desconhecido,,Estado Desconhecido
Maysa Porto,. .***.***-1,,Endereço Invalido,Estado Desconhecido,,Estado Desconhecido
Pedro Lucas Pereira,. .***.***-3,,Endereço Invalido,Estado Desconhecido,,Estado Desconhecido
Isadora Nogueira,. .***.***-0,,Endereço Invalido,Estado Desconhecido,,Estado Desconhecido
Gabriel Ramos,. .***.***-1,,Endereço Invalido,Estado Desconhecido,,Estado Desconhecido
Yago Ferreira,. .***.***-1,,Endereço Invalido,Estado Desconhecido,,Estado Desconhecido
Samuel Da Mata,. .***.***-1,,Endereço Invalido,Estado Desconhecido,,Estado Desconhecido
Sophie Pinto,. .***.***-7,,Endereço Invalido,Estado Desconhecido,,Estado Desconhecido
Dr. Rafael Souza,. .***.***-6,,Endereço Invalido,Estado Desconhecido,,Estado Desconhecido
Vitor Hugo Lima,. .***.***-0,,Endereço Invalido,Estado Desconhecido,,Estado Desconhecido
Dr. Bernardo Da Cruz,. .***.***-0,,Endereço Invalido,Estado Desconhecido,,Estado Desconhecido
Caio Da Cunha,. .***.***-6,,Endereço Invalido,Estado Desconhecido,,Estado Desconhecido
Stephany Duarte,. .***.***-2,,Endereço Invalido,Estado Desconhecido,,Estado Desconhecido
Kevin Da Conceição,. .***.***-4,,Endereço Invalido,Estado Desconhecido,,Estado Desconhecido
Srta. Giovanna Aragão,. .***.***-2,,Endereço Invalido,Estado Desconhecido,,Estado Desconhecido
Pedro Henrique Pinto,. .***.***-3,,Endereço Invalido,Estado Desconhecido,,Estado Desconhecido
Joaquim Da Cruz,. .***.***-2,,Endereço Invalido,Estado Desconhecido,,Estado Desconhecido
Leandro Souza,. .***.***-0,,Endereço Invalido,Estado Desconhecido,,Estado Desconhecido
Beatriz Aragão,. .***.***-5,,Endereço Invalido,Estado Desconhecido,,Estado Desconhecido
Carlos Eduardo Teixeira,. .***.***-6,,Endereço Invalido,Estado Desconhecido,,Estado Desconhecido
Joana Da Rocha,. .***.***-5,,Endereço Invalido,Estado Desconhecido,,Estado Desconhecido
Lucas Gabriel Da Luz,. .***.***-3,,Endereço Invalido,Estado Desconhecido,,Estado Desconhecido
Davi Lucas Da Costa,. .***.***-2,,Endereço Invalido,Estado Desconhecido,,Estado Desconhecido
Henrique Da Rocha,. .***.***-3,,Endereço Invalido,Estado Desconhecido,,Estado Desconhecido
Lorena Fernandes,. .***.***-4,,Endereço Invalido,Estado Desconhecido,,Estado Desconhecido
Nathan Nogueira,. .***.***-7,,Endereço Invalido,Estado Desconhecido,,Estado Desconhecido
Srta. Maysa Rezende,. .***.***-6,,Endereço Invalido,Estado Desconhecido,,Estado Desconhecido
Erick Santos,. .***.***-0,,Endereço Invalido,Estado Desconhecido,,Estado Desconhecido
Agatha Sales,. .***.***-3,,Endereço Invalido,Estado Desconhecido,,Estado Desconhecido
Ana Beatriz Moreira,. .***.***-7,,Endereço Invalido,Estado Desconhecido,,Estado Desconhecido
Antônio Da Rocha,. .***.***-3,,Endereço Invalido,Estado Desconhecido,,Estado Desconhecido
Dra. Vitória Viana,. .***.***-3,,Endereço Invalido,Estado Desconhecido,,Estado Desconhecido
Enzo Monteiro,. .***.***-4,,Endereço Invalido,Estado Desconhecido,,Estado Desconhecido
Bernardo Santos,. .***.***-5,,Endereço Invalido,Estado Desconhecido,,Estado Desconhecido
Guilherme Cunha,. .***.***-7,,Endereço Invalido,Estado Desconhecido,,Estado Desconhecido
Raul Rodrigues,. .***.***-3,,Endereço Invalido,Estado Desconhecido,,Estado Desconhecido
Pietra Lima,. .***.***-1,,Endereço Invalido,Estado Desconhecido,,Estado Desconhecido
Camila Barbosa,. .***.***-0,,Endereço Invalido,Estado Desconhecido,,Estado Desconhecido
Kaique Almeida,. .***.***-8,,Endereço Invalido,Estado Desconhecido,,Estado Desconhecido
Antônio Porto,. .***.***-5,,Endereço Invalido,Estado Desconhecido,,Estado Desconhecido
Alana Rezende,. .***.***-6,,Endereço Invalido,Estado Desconhecido,,Estado Desconhecido
Vitor Almeida,. .***.***-4,,Endereço Invalido,Estado Desconhecido,,Estado Desconhecido
Isabelly Da Mota,. .***.***-9,,Endereço Invalido,Estado Desconhecido,,Estado Desconhecido
Isis Oliveira,. .***.***-3,,Endereço Invalido,Estado Desconhecido,,Estado Desconhecido
Carolina Gomes,. .***.***-5,,Endereço Invalido,Estado Desconhecido,,Estado Desconhecido
Srta. Natália Rodrigues,. .***.***-8,,Endereço Invalido,Estado Desconhecido,,Estado Desconhecido
Fernando Ramos,. .***.***-2,,Endereço Invalido,Estado Desconhecido,,Estado Desconhecido
Gabriela Da Cruz,. .***.***-9,,Endereço Invalido,Estado Desconhecido,,Estado Desconhecido
Noah Cavalcanti,. .***.***-3,,Endereço Invalido,Estado Desconhecido,,Estado Desconhecido
Clara Moreira,. .***.***-9,,Endereço Invalido,Estado Desconhecido,,Estado Desconhecido
Laura Araújo,. .***.***-4,,Endereço Invalido,Estado Desconhecido,,Estado Desconhecido
Dr. Luiz Otávio Sales,. .***.***-2,,Endereço Invalido,Estado Desconhecido,,Estado Desconhecido
Emilly Da Mata,. .***.***-9,,Endereço Invalido,Estado Desconhecido,,Estado Desconhecido
Kevin Rodrigues,. .***.***-6,,Endereço Invalido,Estado Desconhecido,,Estado Desconhecido
Davi Pereira,. .***.***-9,,Endereço Invalido,Estado Desconhecido,,Estado Desconhecido
Thomas Silva,. .***.***-1,,Endereço Invalido,Estado Desconhecido,,Estado Desconhecido
Ana Lívia Da Cruz,. .***.***-5,,Endereço Invalido,Estado Desconhecido,,Estado Desconhecido
Sr. Vicente Silveira,. .***.***-8,,Endereço Invalido,Estado Desconhecido,,Estado Desconhecido
Sophie Caldeira,. .***.***-3,,Endereço Invalido,Estado Desconhecido,,Estado Desconhecido
Gabriel Costa,. .***.***-0,,Endereço Invalido,Estado Desconhecido,,Estado Desconhecido
Ana Carolina Costa,. .***.***-0,,Endereço Invalido,Estado Desconhecido,,Estado Desconhecido
Maitê Fogaça,. .***.***-3,,Endereço Invalido,Estado Desconhecido,,Estado Desconhecido
Bruna Caldeira,. .***.***-9,,Endereço Invalido,Estado Desconhecido,,Estado Desconhecido
Caroline Moura,. .***.***-3,,Endereço Invalido,Estado Desconhecido,,Estado Desconhecido
Sra. Ana Júlia Pires,. .***.***-1,,Endereço Invalido,Estado Desconhecido,,Estado Desconhecido
Dra. Larissa Fernandes,. .***.***-3,,Endereço Invalido,Estado Desconhecido,,Estado Desconhecido
Rodrigo Da Luz,. .***.***-6,,Endereço Invalido,Estado Desconhecido,,Estado Desconhecido
Carlos Eduardo Barros,. .***.***-0,,Endereço Invalido,Estado Desconhecido,,Estado Desconhecido
Ana Laura Silva,. .***.***-7,,Endereço Invalido,Estado Desconhecido,,Estado Desconhecido
Maitê Nogueira,. .***.***-7,,Endereço Invalido,Estado Desconhecido,,Estado Desconhecido
Ana Laura Da Luz,. .***.***-1,,Endereço Invalido,Estado Desconhecido,,Estado Desconhecido
Sra. Brenda Viana,. .***.***-4,,Endereço Invalido,Estado Desconhecido,,Estado Desconhecido
Augusto Teixeira,. .***.***-0,,Endereço Invalido,Estado Desconhecido,,Estado Desconhecido
Dr. Francisco Lima,. .***.***-8,,Endereço Invalido,Estado Desconhecido,,Estado Desconhecido
Isaac Da Luz,. .***.***-3,,Endereço Invalido,Estado Desconhecido,,Estado Desconhecido
Calebe Jesus,. .***.***-8,,Endereço Invalido,Estado Desconhecido,,Estado Desconhecido
Kevin Melo,. .***.***-6,,Endereço Invalido,Estado Desconhecido,,Estado Desconhecido
Pedro Miguel Peixoto,. .***.***-9,,Endereço Invalido,Estado Desconhecido,,Estado Desconhecido
Gabrielly Almeida,. .***.***-8,,Endereço Invalido,Estado Desconhecido,,Estado Desconhecido
Murilo Correia,. .***.***-7,,Endereço Invalido,Estado Desconhecido,,Estado Desconhecido
Matheus Dias,. .***.***-6,,Endereço Invalido,Estado Desconhecido,,Estado Desconhecido
Stella Cardoso,. .***.***-8,,Endereço Invalido,Estado Desconhecido,,Estado Desconhecido
Marcela Barbosa,. .***.***-9,,Endereço Invalido,Estado Desconhecido,,Estado Desconhecido
Ana Carolina Pires,. .***.***-2,,Endereço Invalido,Estado Desconhecido,,Estado Desconhecido
Helena Aragão,. .***.***-1,,Endereço Invalido,Estado Desconhecido,,Estado Desconhecido
João Gabriel Oliveira,. .***.***-6,,Endereço Invalido,Estado Desconhecido,,Estado Desconhecido
Maria Cecília Vieira,. .***.***-1,,Endereço Invalido,Estado Desconhecido,,Estado Desconhecido
Lorena Rodrigues,. .***.***-1,,Endereço Invalido,Estado Desconhecido,,Estado Desconhecido
Nicolas Cunha,. .***.***-3,,Endereço Invalido,Estado Desconhecido,,Estado Desconhecido
Vitor Hugo Ramos,. .***.***-5,,Endereço Invalido,Estado Desconhecido,,Estado Desconhecido
Luigi Aragão,. .***.***-4,,Endereço Invalido,Estado Desconhecido,,Estado Desconhecido
Maria Julia Barros,. .***.***-3,,Endereço Invalido,Estado Desconhecido,,Estado Desconhecido
Luiz Gustavo Silveira,. .***.***-8,,Endereço Invalido,Estado Desconhecido,,Estado Desconhecido
Ana Júlia Fernandes,. .***.***-5,,Endereço Invalido,Estado Desconhecido,,Estado Desconhecido
Luiz Miguel Novaes,. .***.***-4,,Endereço Invalido,Estado Desconhecido,,Estado Desconhecido
Gabriel Santos,. .***.***-2,,Endereço Invalido,Estado Desconhecido,,Estado Desconhecido
Srta. Sophie Vieira,. .***.***-4,,Endereço Invalido,Estado Desconhecido,,Estado Desconhecido
Júlia Cardoso,. .***.***-2,,Endereço Invalido,Estado Desconhecido,,Estado Desconhecido
Dra. Gabriela Jesus,. .***.***-6,,Endereço Invalido,Estado Desconhecido,,Estado Desconhecido
Dr. João Gabriel Correia,. .***.***-8,,Endereço Invalido,Estado Desconhecido,,Estado Desconhecido
Luiz Gustavo Jesus,. .***.***-5,,Endereço Invalido,Estado Desconhecido,,Estado Desconhecido
Rodrigo Ferreira,. .***.***-7,,Endereço Invalido,Estado Desconhecido,,Estado Desconhecido
Alícia Ribeiro,. .***.***-4,,Endereço Invalido,Estado Desconhecido,,Estado Desconhecido
Sr. André Da Mata,. .***.***-9,,Endereço Invalido,Estado Desconhecido,,Estado Desconhecido
Srta. Maria Julia Campos,. .***.***-5,,Endereço Invalido,Estado Desconhecido,,Estado Desconhecido
João Gabriel Ferreira,. .***.***-8,,Endereço Invalido,Estado Desconhecido,,Estado Desconhecido
Thomas Moraes,. .***.***-1,,Endereço Invalido,Estado Desconhecido,,Estado Desconhecido
Clara Melo,. .***.***-0,,Endereço Invalido,Estado Desconhecido,,Estado Desconhecido
Luigi Cavalcanti,. .***.***-8,,Endereço Invalido,Estado Desconhecido,,Estado Desconhecido
Dra. Stella Da Costa,. .***.***-0,,Endereço Invalido,Estado Desconhecido,,Estado Desconhecido
Isabella Da Paz,. .***.***-9,,Endereço Invalido,Estado Desconhecido,,Estado Desconhecido
Enzo Da Rocha,. .***.***-4,,Endereço Invalido,Estado Desconhecido,,Estado Desconhecido
Olivia Fernandes,. .***.***-6,,Endereço Invalido,Estado Desconhecido,,Estado Desconhecido
André Da Mata,. .***.***-8,,Endereço Invalido,Estado Desconhecido,,Estado Desconhecido
Pedro Henrique Cavalcanti,. .***.***-8,,Endereço Invalido,Estado Desconhecido,,Estado Desconhecido
Joaquim Silveira,. .***.***-1,,Endereço Invalido,Estado Desconhecido,,Estado Desconhecido
Mirella Rodrigues,. .***.***-6,,Endereço Invalido,Estado Desconhecido,,Estado Desconhecido
Sra. Isabelly Azevedo,. .***.***-7,,Endereço Invalido,Estado Desconhecido,,Estado Desconhecido
Dr. Samuel Ferreira,. .***.***-0,,Endereço Invalido,Estado Desconhecido,,Estado Desconhecido
Otávio Carvalho,. .***.***-3,,Endereço Invalido,Estado Desconhecido,,Estado Desconhecido
Dra. Stephany Da Mota,. .***.***-4,,Endereço Invalido,Estado Desconhecido,,Estado Desconhecido
Cauê Mendes,. .***.***-2,,Endereço Invalido,Estado Desconhecido,,Estado Desconhecido
Alexandre Nunes,. .***.***-6,,Endereço Invalido,Estado Desconhecido,,Estado Desconhecido
Maria Fernanda Aragão,. .***.***-2,,Endereço Invalido,Estado Desconhecido,,Estado Desconhecido
João Guilherme Silva,. .***.***-0,,Endereço Invalido,Estado Desconhecido,,Estado Desconhecido
Lorena Rezende,. .***.***-3,,Endereço Invalido,Estado Desconhecido,,Estado Desconhecido
Maria Sophia Da Cruz,. .***.***-0,,Endereço Invalido,Estado Desconhecido,,Estado Desconhecido
Milena Das Neves,. .***.***-5,,Endereço Invalido,Estado Desconhecido,,Estado Desconhecido
Kamilly Da Cunha,. .***.***-0,,Endereço Invalido,Estado Desconhecido,,Estado Desconhecido
Luiz Miguel Aragão,. .***.***-7,,Endereço Invalido,Estado Desconhecido,,Estado Desconhecido
Ana Laura Ribeiro,. .***.***-4,,Endereço Invalido,Estado Desconhecido,,Estado Desconhecido
Lorena Da Mota,. .***.***-2,,Endereço Invalido,Estado Desconhecido,,Estado Desconhecido
Emanuella Souza,. .***.***-7,,Endereço Invalido,Estado Desconhecido,,Estado Desconhecido
Cecília Pinto,. .***.***-8,,Endereço Invalido,Estado Desconhecido,,Estado Desconhecido
Pedro Henrique Cunha,. .***.***-4,,Endereço Invalido,Estado Desconhecido,,Estado Desconhecido
Sra. Eloah Da Mota,. .***.***-1,,Endereço Invalido,Estado Desconhecido,,Estado Desconhecido
Samuel Da Rocha,. .***.***-9,,Endereço Invalido,Estado Desconhecido,,Estado Desconhecido
Melissa Almeida,. .***.***-5,,Endereço Invalido,Estado Desconhecido,,Estado Desconhecido
Carlos Eduardo Da Mota,. .***.***-4,,Endereço Invalido,Estado Desconhecido,,Estado Desconhecido
Dr. Vitor Da Mota,. .***.***-9,,Endereço Invalido,Estado Desconhecido,,Estado Desconhecido
Dr. Diogo Costela,. .***.***-2,,Endereço Invalido,Estado Desconhecido,,Estado Desconhecido
Rafaela Rodrigues,. .***.***-8,,Endereço Invalido,Estado Desconhecido,,Estado Desconhecido
Vitor Hugo Da Conceição,. .***.***-6,,Endereço Invalido,Estado Desconhecido,,Estado Desconhecido
Ana Laura Caldeira,. .***.***-8,,Endereço Invalido,Estado Desconhecido,,Estado Desconhecido
Dra. Laura Silveira,. .***.***-2,,Endereço Invalido,Estado Desconhecido,,Estado Desconhecido
Sr. Rafael Pereira,. .***.***-2,,Endereço Invalido,Estado Desconhecido,,Estado Desconhecido
Manuela Mendes,. .***.***-8,,Endereço Invalido,Estado Desconhecido,,Estado Desconhecido
Igor Lopes,. .***.***-3,,Endereço Invalido,Estado Desconhecido,,Estado Desconhecido
Marcelo Moreira,. .***.***-6,,Endereço Invalido,Estado Desconhecido,,Estado Desconhecido
Thomas Costela,. .***.***-8,,Endereço Invalido,Estado Desconhecido,,Estado Desconhecido
Luiz Otávio Gonçalves,. .***.***-7,,Endereço Invalido,Estado Desconhecido,,Estado Desconhecido
Stella Da Costa,. .***.***-3,,Endereço Invalido,Estado Desconhecido,,Estado Desconhecido
Luana Da Cruz,. .***.***-3,,Endereço Invalido,Estado Desconhecido,,Estado Desconhecido
Maria Cecília Lima,. .***.***-2,,Endereço Invalido,Estado Desconhecido,,Estado Desconhecido
Melissa Teixeira,. .***.***-2,,Endereço Invalido,Estado Desconhecido,,Estado Desconhecido
Dr. Vinicius Pires,. .***.***-3,,Endereço Invalido,Estado Desconhecido,,Estado Desconhecido
Luiz Miguel Farias,. .***.***-2,,Endereço Invalido,Estado Desconhecido,,Estado Desconhecido
Breno Correia,. .***.***-8,,Endereço Invalido,Estado Desconhecido,,Estado Desconhecido
Laís Costela,. .***.***-6,,Endereço Invalido,Estado Desconhecido,,Estado Desconhecido
Dr. Diego Da Mata,. .***.***-3,,Endereço Invalido,Estado Desconhecido,,Estado Desconhecido
Letícia Da Mota,. .***.***-2,,Endereço Invalido,Estado Desconhecido,,Estado Desconhecido
Luna Ferreira,. .***.***-3,,Endereço Invalido,Estado Desconhecido,,Estado Desconhecido
Dr. Emanuel Silveira,. .***.***-0,,Endereço Invalido,Estado Desconhecido,,Estado Desconhecido
Lorena Sales,. .***.***-3,,Endereço Invalido,Estado Desconhecido,,Estado Desconhecido
Davi Da Mata,. .***.***-6,,Endereço Invalido,Estado Desconhecido,,Estado Desconhecido
Isabel Melo,. .***.***-8,,Endereço Invalido,Estado Desconhecido,,Estado Desconhecido
Raul Oliveira,. .***.***-8,,Endereço Invalido,Estado Desconhecido,,Estado Desconhecido
Levi Da Mata,. .***.***-2,,Endereço Invalido,Estado Desconhecido,,Estado Desconhecido
Heloísa Castro,. .***.***-7,,Endereço Invalido,Estado Desconhecido,,Estado Desconhecido
Sra. Júlia Da Paz,. .***.***-6,,Endereço Invalido,Estado Desconhecido,,Estado Desconhecido
Luana Viana,. .***.***-3,,Endereço Invalido,Estado Desconhecido,,Estado Desconhecido
Sr. Renan Sales,. .***.***-4,,Endereço Invalido,Estado Desconhecido,,Estado Desconhecido
Caio Aragão,. .***.***-4,,Endereço Invalido,Estado Desconhecido,,Estado Desconhecido
Srta. Lavínia Ribeiro,. .***.***-3,,Endereço Invalido,Estado Desconhecido,,Estado Desconhecido
Sofia Da Mata,. .***.***-6,,Endereço Invalido,Estado Desconhecido,,Estado Desconhecido
André Araújo,. .***.***-9,,Endereço Invalido,Estado Desconhecido,,Estado Desconhecido
Nathan Azevedo,. .***.***-5,,Endereço Invalido,Estado Desconhecido,,Estado Desconhecido
Camila Teixeira,. .***.***-2,,Endereço Invalido,Estado Desconhecido,,Estado Desconhecido
Srta. Clara Souza,. .***.***-0,,Endereço Invalido,Estado Desconhecido,,Estado Desconhecido
Yuri Nascimento,. .***.***-9,,Endereço Invalido,Estado Desconhecido,,Estado Desconhecido
Srta. Marcela Gonçalves,. .***.***-8,,Endereço Invalido,Estado Desconhecido,,Estado Desconhecido
João Ramos,. .***.***-6,,Endereço Invalido,Estado Desconhecido,,Estado Desconhecido
Renan Rocha,. .***.***-0,,Endereço Invalido,Estado Desconhecido,,Estado Desconhecido
Sr. Caio Souza,. .***.***-3,,Endereço Invalido,Estado Desconhecido,,Estado Desconhecido
Clarice Farias,. .***.***-3,,Endereço Invalido,Estado Desconhecido,,Estado Desconhecido
Marcos Vinicius Jesus,. .***.***-7,,Endereço Invalido,Estado Desconhecido,,Estado Desconhecido
João Pedro Nunes,. .***.***-0,,Endereço Invalido,Estado Desconhecido,,Estado Desconhecido
Levi Farias,. .***.***-9,,Endereço Invalido,Estado Desconhecido,,Estado Desconhecido
Dr. Enzo Da Costa,. .***.***-1,,Endereço Invalido,Estado Desconhecido,,Estado Desconhecido
Heloísa Alves,. .***.***-9,,Endereço Invalido,Estado Desconhecido,,Estado Desconhecido
Luiz Henrique Da Mota,. .***.***-2,,Endereço Invalido,Estado Desconhecido,,Estado Desconhecido
Camila Caldeira,. .***.***-3,,Endereço Invalido,Estado Desconhecido,,Estado Desconhecido
Arthur Mendes,. .***.***-8,,Endereço Invalido,Estado Desconhecido,,Estado Desconhecido
João Felipe Campos,. .***.***-2,,Endereço Invalido,Estado Desconhecido,,Estado Desconhecido
Guilherme Azevedo,. .***.***-4,,Endereço Invalido,Estado Desconhecido,,Estado Desconhecido
Dra. Laura Cunha,. .***.***-4,,Endereço Invalido,Estado Desconhecido,,Estado Desconhecido
Noah Moraes,. .***.***-8,,Endereço Invalido,Estado Desconhecido,,Estado Desconhecido
Davi Lucca Lopes,. .***.***-0,,Endereço Invalido,Estado Desconhecido,,Estado Desconhecido
Sophia Da Cruz,. .***.***-1,,Endereço Invalido,Estado Desconhecido,,Estado Desconhecido
Igor Da Luz,. .***.***-0,,Endereço Invalido,Estado Desconhecido,,Estado Desconhecido
Dr. Samuel Nascimento,. .***.***-2,,Endereço Invalido,Estado Desconhecido,,Estado Desconhecido
Maria Fernanda Freitas,. .***.***-8,,Endereço Invalido,Estado Desconhecido,,Estado Desconhecido
Eduarda Costa,. .***.***-6,,Endereço Invalido,Estado Desconhecido,,Estado Desconhecido
Lorenzo Monteiro,. .***.***-9,,Endereço Invalido,Estado Desconhecido,,Estado Desconhecido
Caroline Cardoso,. .***.***-8,,Endereço Invalido,Estado Desconhecido,,Estado Desconhecido
Henrique Da Rocha,. .***.***-9,,Endereço Invalido,Estado Desconhecido,,Estado Desconhecido
Lucas Gabriel Oliveira,. .***.***-3,,Endereço Invalido,Estado Desconhecido,,Estado Desconhecido
Sr. Arthur Jesus,. .***.***-8,,Endereço Invalido,Estado Desconhecido,,Estado Desconhecido
Marcos Vinicius Da Cunha,. .***.***-2,,Endereço Invalido,Estado Desconhecido,,Estado Desconhecido
Antônio Nogueira,. .***.***-1,,Endereço Invalido,Estado Desconhecido,,Estado Desconhecido
Sophia Monteiro,. .***.***-1,,Endereço Invalido,Estado Desconhecido,,Estado Desconhecido
Dr. Leandro Silva,. .***.***-7,,Endereço Invalido,Estado Desconhecido,,Estado Desconhecido
Amanda Farias,. .***.***-5,,Endereço Invalido,Estado Desconhecido,,Estado Desconhecido
Srta. Luna Peixoto,. .***.***-2,,Endereço Invalido,Estado Desconhecido,,Estado Desconhecido
Sr. Igor Campos,. .***.***-3,,Endereço Invalido,Estado Desconhecido,,Estado Desconhecido
Maria Sophia Correia,. .***.***-8,,Endereço Invalido,Estado Desconhecido,,Estado Desconhecido
Bruno Da Cruz,. .***.***-3,,Endereço Invalido,Estado Desconhecido,,Estado Desconhecido
Amanda Cavalcanti,. .***.***-1,,Endereço Invalido,Estado Desconhecido,,Estado Desconhecido
Bruno Melo,. .***.***-1,,Endereço Invalido,Estado Desconhecido,,Estado Desconhecido
Dra. Elisa Nunes,. .***.***-5,,Endereço Invalido,Estado Desconhecido,,Estado Desconhecido
Calebe Ramos,. .***.***-2,,Endereço Invalido,Estado Desconhecido,,Estado Desconhecido
Sr. Arthur Moraes,. .***.***-6,,Endereço Invalido,Estado Desconhecido,,Estado Desconhecido
Júlia Silveira,. .***.***-3,,Endereço Invalido,Estado Desconhecido,,Estado Desconhecido
Sra. Isabelly Silva,. .***.***-2,,Endereço Invalido,Estado Desconhecido,,Estado Desconhecido
Dr. Otávio Azevedo,. .***.***-7,,Endereço Invalido,Estado Desconhecido,,Estado Desconhecido
Maria Cecília Aragão,. .***.***-4,,Endereço Invalido,Estado Desconhecido,,Estado Desconhecido
Noah Da Rosa,. .***.***-2,,Endereço Invalido,Estado Desconhecido,,Estado Desconhecido
Sra. Laura Azevedo,. .***.***-0,,Endereço Invalido,Estado Desconhecido,,Estado Desconhecido
Dr. Francisco Moreira,. .***.***-2,,Endereço Invalido,Estado Desconhecido,,Estado Desconhecido
Mariane Das Neves,. .***.***-2,,Endereço Invalido,Estado Desconhecido,,Estado Desconhecido
Enzo Monteiro,. .***.***-9,,Endereço Invalido,Estado Desconhecido,,Estado Desconhecido
Diego Da Rocha,. .***.***-3,,Endereço Invalido,Estado Desconhecido,,Estado Desconhecido
Ana Laura Da Cruz,. .***.***-8,,Endereço Invalido,Estado Desconhecido,,Estado Desconhecido
Ana Sophia Gomes,. .***.***-4,,Endereço Invalido,Estado Desconhecido,,Estado Desconhecido
Ana Laura Costa,. .***.***-2,,Endereço Invalido,Estado Desconhecido,,Estado Desconhecido
Felipe Souza,. .***.***-7,,Endereço Invalido,Estado Desconhecido,,Estado Desconhecido
Luana Novaes,. .***.***-7,,Endereço Invalido,Estado Desconhecido,,Estado Desconhecido
Sra. Yasmin Nogueira,. .***.***-0,,Endereço Invalido,Estado Desconhecido,,Estado Desconhecido
Benício Melo,. .***.***-4,,Endereço Invalido,Estado Desconhecido,,Estado Desconhecido
Daniela Aragão,. .***.***-6,,Endereço Invalido,Estado Desconhecido,,Estado Desconhecido
Davi Luiz Sales,. .***.***-0,,Endereço Invalido,Estado Desconhecido,,Estado Desconhecido
Milena Souza,. .***.***-4,,Endereço Invalido,Estado Desconhecido,,Estado Desconhecido
Maria Eduarda Ferreira,. .***.***-8,,Endereço Invalido,Estado Desconhecido,,Estado Desconhecido
Sr. Diogo Lima,. .***.***-2,,Endereço Invalido,Estado Desconhecido,,Estado Desconhecido
Dr. Carlos Eduardo Araújo,. .***.***-6,,Endereço Invalido,Estado Desconhecido,,Estado Desconhecido
Marina Gomes,. .***.***-4,,Endereço Invalido,Estado Desconhecido,,Estado Desconhecido
Gustavo Henrique Duarte,. .***.***-4,,Endereço Invalido,Estado Desconhecido,,Estado Desconhecido
Caio Ramos,. .***.***-2,,Endereço Invalido,Estado Desconhecido,,Estado Desconhecido
Rafael Nunes,. .***.***-2,,Endereço Invalido,Estado Desconhecido,,Estado Desconhecido
Enzo Gabriel Cardoso,. .***.***-6,,Endereço Invalido,Estado Desconhecido,,Estado Desconhecido
Davi Cardoso,. .***.***-5,,Endereço Invalido,Estado Desconhecido,,Estado Desconhecido
Daniel Pires,. .***.***-4,,Endereço Invalido,Estado Desconhecido,,Estado Desconhecido
Brenda Da Mata,. .***.***-2,,Endereço Invalido,Estado Desconhecido,,Estado Desconhecido
Samuel Dias,. .***.***-2,,Endereço Invalido,Estado Desconhecido,,Estado Desconhecido
Gustavo Henrique Da Costa,. .***.***-7,,Endereço Invalido,Estado Desconhecido,,Estado Desconhecido
Theo Fogaça,. .***.***-1,,Endereço Invalido,Estado Desconhecido,,Estado Desconhecido
Sra. Alexia Carvalho,. .***.***-3,,Endereço Invalido,Estado Desconhecido,,Estado Desconhecido
Juliana Martins,. .***.***-2,,Endereço Invalido,Estado Desconhecido,,Estado Desconhecido
Luiz Gustavo Da Rosa,. .***.***-0,,Endereço Invalido,Estado Desconhecido,,Estado Desconhecido
Gabriela Freitas,. .***.***-7,,Endereço Invalido,Estado Desconhecido,,Estado Desconhecido
Enzo Gabriel Vieira,. .***.***-2,,Endereço Invalido,Estado Desconhecido,,Estado Desconhecido
Srta. Luna Nascimento,. .***.***-5,,Endereço Invalido,Estado Desconhecido,,Estado Desconhecido
Sophie Da Mata,. .***.***-1,,Endereço Invalido,Estado Desconhecido,,Estado Desconhecido
Clarice Alves,. .***.***-3,,Endereço Invalido,Estado Desconhecido,,Estado Desconhecido
Catarina Rodrigues,. .***.***-8,,Endereço Invalido,Estado Desconhecido,,Estado Desconhecido
Antônio Vieira,. .***.***-7,,Endereço Invalido,Estado Desconhecido,,Estado Desconhecido
Dr. Nicolas Da Conceição,. .***.***-5,,Endereço Invalido,Estado Desconhecido,,Estado Desconhecido
Maria Alice Da Costa,. .***.***-0,,Endereço Invalido,Estado Desconhecido,,Estado Desconhecido
Sr. Lucca Martins,. .***.***-6,,Endereço Invalido,Estado Desconhecido,,Estado Desconhecido
João Pedro Costa,. .***.***-2,,Endereço Invalido,Estado Desconhecido,,Estado Desconhecido
Maitê Gonçalves,. .***.***-4,,Endereço Invalido,Estado Desconhecido,,Estado Desconhecido
Ana Laura Ferreira,. .***.***-6,,Endereço Invalido,Estado Desconhecido,,Estado Desconhecido
Sabrina Da Mata,. .***.***-2,,Endereço Invalido,Estado Desconhecido,,Estado Desconhecido
Alexandre Das Neves,. .***.***-3,,Endereço Invalido,Estado Desconhecido,,Estado Desconhecido
Isadora Da Cunha,. .***.***-1,,Endereço Invalido,Estado Desconhecido,,Estado Desconhecido
Dr. Luigi Fernandes,. .***.***-4,,Endereço Invalido,Estado Desconhecido,,Estado Desconhecido
Sr. Yago Cavalcanti,. .***.***-8,,Endereço Invalido,Estado Desconhecido,,Estado Desconhecido
Carolina Peixoto,. .***.***-6,,Endereço Invalido,Estado Desconhecido,,Estado Desconhecido
Ana Lívia Porto,. .***.***-7,,Endereço Invalido,Estado Desconhecido,,Estado Desconhecido
Henrique Da Mata,. .***.***-6,,Endereço Invalido,Estado Desconhecido,,Estado Desconhecido
Enrico Aragão,. .***.***-0,,Endereço Invalido,Estado Desconhecido,,Estado Desconhecido
Milena Cavalcanti,. .***.***-3,,Endereço Invalido,Estado Desconhecido,,Estado Desconhecido
Davi Lucca Melo,. .***.***-1,,Endereço Invalido,Estado Desconhecido,,Estado Desconhecido
Clarice Fernandes,. .***.***-2,,Endereço Invalido,Estado Desconhecido,,Estado Desconhecido
Dr. Luiz Fernando Das Neves,. .***.***-6,,Endereço Invalido,Estado Desconhecido,,Estado Desconhecido
Caio Azevedo,. .***.***-8,,Endereço Invalido,Estado Desconhecido,,Estado Desconhecido
Enrico Novaes,. .***.***-7,,Endereço Invalido,Estado Desconhecido,,Estado Desconhecido
Ana Clara Moreira,. .***.***-5,,Endereço Invalido,Estado Desconhecido,,Estado Desconhecido
Enrico Ribeiro,. .***.***-5,,Endereço Invalido,Estado Desconhecido,,Estado Desconhecido
Evelyn Aragão,. .***.***-8,,Endereço Invalido,Estado Desconhecido,,Estado Desconhecido
Thales Moreira,. .***.***-6,,Endereço Invalido,Estado Desconhecido,,Estado Desconhecido
Heitor Mendes,. .***.***-7,,Endereço Invalido,Estado Desconhecido,,Estado Desconhecido
Sarah Nascimento,. .***.***-8,,Endereço Invalido,Estado Desconhecido,,Estado Desconhecido
Sra. Yasmin Melo,. .***.***-0,,Endereço Invalido,Estado Desconhecido,,Estado Desconhecido
Sr. Marcelo Costela,. .***.***-5,,Endereço Invalido,Estado Desconhecido,,Estado Desconhecido
Maria Cecília Araújo,. .***.***-2,,Endereço Invalido,Estado Desconhecido,,Estado Desconhecido
Enzo Gabriel Ribeiro,. .***.***-5,,Endereço Invalido,Estado Desconhecido,,Estado Desconhecido
Miguel Da Rosa,. .***.***-8,,Endereço Invalido,Estado Desconhecido,,Estado Desconhecido
Maria Vitória Ferreira,. .***.***-4,,Endereço Invalido,Estado Desconhecido,,Estado Desconhecido
Sr. Vitor Gabriel Gomes,. .***.***-8,,Endereço Invalido,Estado Desconhecido,,Estado Desconhecido
Bianca Pinto,. .***.***-1,,Endereço Invalido,Estado Desconhecido,,Estado Desconhecido
Igor Melo,. .***.***-9,,Endereço Invalido,Estado Desconhecido,,Estado Desconhecido
Sra. Vitória Carvalho,. .***.***-8,,Endereço Invalido,Estado Desconhecido,,Estado Desconhecido
Sofia Duarte,. .***.***-2,,Endereço Invalido,Estado Desconhecido,,Estado Desconhecido
Brenda Nogueira,. .***.***-0,,Endereço Invalido,Estado Desconhecido,,Estado Desconhecido
Rafael Fogaça,. .***.***-9,,Endereço Invalido,Estado Desconhecido,,Estado Desconhecido
Ana Nascimento,. .***.***-5,,Endereço Invalido,Estado Desconhecido,,Estado Desconhecido
Dr. Juan Da Rocha,. .***.***-5,,Endereço Invalido,Estado Desconhecido,,Estado Desconhecido
Ana Laura Rocha,. .***.***-1,,Endereço Invalido,Estado Desconhecido,,Estado Desconhecido
Maria Alice Da Rocha,. .***.***-6,,Endereço Invalido,Estado Desconhecido,,Estado Desconhecido
Elisa Lopes,. .***.***-0,,Endereço Invalido,Estado Desconhecido,,Estado Desconhecido
Davi Lucca Pereira,. .***.***-7,,Endereço Invalido,Estado Desconhecido,,Estado Desconhecido
Marina Fogaça,. .***.***-0,,Endereço Invalido,Estado Desconhecido,,Estado Desconhecido
Bernardo Ramos,. .***.***-5,,Endereço Invalido,Estado Desconhecido,,Estado Desconhecido
Ana Lívia Lopes,. .***.***-1,,Endereço Invalido,Estado Desconhecido,,Estado Desconhecido
Miguel Silva,. .***.***-0,,Endereço Invalido,Estado Desconhecido,,Estado Desconhecido
Sr. Arthur Da Cruz,. .***.***-3,,Endereço Invalido,Estado Desconhecido,,Estado Desconhecido
Julia Da Mota,. .***.***-1,,Endereço Invalido,Estado Desconhecido,,Estado Desconhecido
Agatha Rocha,. .***.***-3,,Endereço Invalido,Estado Desconhecido,,Estado Desconhecido
Isabel Cardoso,. .***.***-8,,Endereço Invalido,Estado Desconhecido,,Estado Desconhecido
Marcos Vinicius Moura,. .***.***-1,,Endereço Invalido,Estado Desconhecido,,Estado Desconhecido
Levi Da Cunha,. .***.***-8,,Endereço Invalido,Estado Desconhecido,,Estado Desconhecido
Cauã Vieira,. .***.***-7,,Endereço Invalido,Estado Desconhecido,,Estado Desconhecido
Maria Alice Ferreira,. .***.***-5,,Endereço Invalido,Estado Desconhecido,,Estado Desconhecido
Dra. Isabelly Souza,. .***.***-5,,Endereço Invalido,Estado Desconhecido,,Estado Desconhecido
Heitor Rezende,. .***.***-4,,Endereço Invalido,Estado Desconhecido,,Estado Desconhecido
Maria Vitória Jesus,. .***.***-3,,Endereço Invalido,Estado Desconhecido,,Estado Desconhecido
Emanuel Duarte,. .***.***-2,,Endereço Invalido,Estado Desconhecido,,Estado Desconhecido
Ian Lima,. .***.***-3,,Endereço Invalido,Estado Desconhecido,,Estado Desconhecido
Vitor Alves,. .***.***-7,,Endereço Invalido,Estado Desconhecido,,Estado Desconhecido
Rafael Ramos,. .***.***-6,,Endereço Invalido,Estado Desconhecido,,Estado Desconhecido
Ryan Da Cunha,. .***.***-2,,Endereço Invalido,Estado Desconhecido,,Estado Desconhecido
Maria Da Cunha,. .***.***-9,,Endereço Invalido,Estado Desconhecido,,Estado Desconhecido
Srta. Milena Cardoso,. .***.***-2,,Endereço Invalido,Estado Desconhecido,,Estado Desconhecido
Bryan Ramos,. .***.***-3,,Endereço Invalido,Estado Desconhecido,,Estado Desconhecido
Luigi Santos,. .***.***-3,,Endereço Invalido,Estado Desconhecido,,Estado Desconhecido
Isabella Duarte,. .***.***-3,,Endereço Invalido,Estado Desconhecido,,Estado Desconhecido
Sophie Azevedo,. .***.***-4,,Endereço Invalido,Estado Desconhecido,,Estado Desconhecido
Matheus Carvalho,. .***.***-2,,Endereço Invalido,Estado Desconhecido,,Estado Desconhecido
Júlia Da Cruz,. .***.***-4,,Endereço Invalido,Estado Desconhecido,,Estado Desconhecido
Vitor Peixoto,. .***.***-9,,Endereço Invalido,Estado Desconhecido,,Estado Desconhecido
Amanda Castro,. .***.***-5,,Endereço Invalido,Estado Desconhecido,,Estado Desconhecido
Lucas Lima,. .***.***-0,,Endereço Invalido,Estado Desconhecido,,Estado Desconhecido
Raquel Ramos,. .***.***-2,,Endereço Invalido,Estado Desconhecido,,Estado Desconhecido
Dra. Rebeca Nascimento,. .***.***-1,,Endereço Invalido,Estado Desconhecido,,Estado Desconhecido
Theo Da Conceição,. .***.***-6,,Endereço Invalido,Estado Desconhecido,,Estado Desconhecido
Thiago Da Cunha,. .***.***-1,,Endereço Invalido,Estado Desconhecido,,Estado Desconhecido
Davi Lucas Moreira,. .***.***-9,,Endereço Invalido,Estado Desconhecido,,Estado Desconhecido
Helena Costela,. .***.***-0,,Endereço Invalido,Estado Desconhecido,,Estado Desconhecido
Beatriz Peixoto,. .***.***-3,,Endereço Invalido,Estado Desconhecido,,Estado Desconhecido
Luigi Fernandes,. .***.***-6,,Endereço Invalido,Estado Desconhecido,,Estado Desconhecido
Gabrielly Almeida,. .***.***-1,,Endereço Invalido,Estado Desconhecido,,Estado Desconhecido
Samuel Sales,. .***.***-9,,Endereço Invalido,Estado Desconhecido,,Estado Desconhecido
Dr. Otávio Costa,. .***.***-5,,Endereço Invalido,Estado Desconhecido,,Estado Desconhecido
Srta. Ana Beatriz Da Mata,. .***.***-9,,Endereço Invalido,Estado Desconhecido,,Estado Desconhecido
João Rodrigues,. .***.***-4,,Endereço Invalido,Estado Desconhecido,,Estado Desconhecido
Nathan Farias,. .***.***-1,,Endereço Invalido,Estado Desconhecido,,Estado Desconhecido
Dr. Rafael Pereira,. .***.***-1,,Endereço Invalido,Estado Desconhecido,,Estado Desconhecido
Júlia Pereira,. .***.***-1,,Endereço Invalido,Estado Desconhecido,,Estado Desconhecido
Dra. Laura Barbosa,. .***.***-1,,Endereço Invalido,Estado Desconhecido,,Estado Desconhecido
Juliana Pinto,. .***.***-5,,Endereço Invalido,Estado Desconhecido,,Estado Desconhecido
Joana Monteiro,. .***.***-8,,Endereço Invalido,Estado Desconhecido,,Estado Desconhecido
Dr. Yago Da Rocha,. .***.***-8,,Endereço Invalido,Estado Desconhecido,,Estado Desconhecido
Miguel Nogueira,. .***.***-9,,Endereço Invalido,Estado Desconhecido,,Estado Desconhecido
Isadora Da Rocha,. .***.***-5,,Endereço Invalido,Estado Desconhecido,,Estado Desconhecido
Clara Costela,. .***.***-0,,Endereço Invalido,Estado Desconhecido,,Estado Desconhecido
Dr. Enzo Gabriel Rocha,. .***.***-3,,Endereço Invalido,Estado Desconhecido,,Estado Desconhecido
Maysa Monteiro,. .***.***-5,,Endereço Invalido,Estado Desconhecido,,Estado Desconhecido
Maria Alice Da Rosa,. .***.***-0,,Endereço Invalido,Estado Desconhecido,,Estado Desconhecido
Maysa Lopes,. .***.***-6,,Endereço Invalido,Estado Desconhecido,,Estado Desconhecido
Srta. Yasmin Jesus,. .***.***-6,,Endereço Invalido,Estado Desconhecido,,Estado Desconhecido
Mariana Costela,. .***.***-2,,Endereço Invalido,Estado Desconhecido,,Estado Desconhecido
Clara Almeida,. .***.***-2,,Endereço Invalido,Estado Desconhecido,,Estado Desconhecido
Sofia Aragão,. .***.***-7,,Endereço Invalido,Estado Desconhecido,,Estado Desconhecido
Elisa Barros,. .***.***-6,,Endereço Invalido,Estado Desconhecido,,Estado Desconhecido
Joana Silva,. .***.***-9,,Endereço Invalido,Estado Desconhecido,,Estado Desconhecido
Lorenzo Porto,. .***.***-2,,Endereço Invalido,Estado Desconhecido,,Estado Desconhecido
Vitória Barbosa,. .***.***-3,,Endereço Invalido,Estado Desconhecido,,Estado Desconhecido
Alícia Da Rosa,. .***.***-5,,Endereço Invalido,Estado Desconhecido,,Estado Desconhecido
Lucas Monteiro,. .***.***-9,,Endereço Invalido,Estado Desconhecido,,Estado Desconhecido
Rodrigo Caldeira,. .***.***-6,,Endereço Invalido,Estado Desconhecido,,Estado Desconhecido
Luna Rezende,. .***.***-6,,Endereço Invalido,Estado Desconhecido,,Estado Desconhecido
Diogo Rezende,. .***.***-0,,Endereço Invalido,Estado Desconhecido,,Estado Desconhecido
Anthony Da Costa,. .***.***-5,,Endereço Invalido,Estado Desconhecido,,Estado Desconhecido
Maria Cecília Vieira,. .***.***-6,,Endereço Invalido,Estado Desconhecido,,Estado Desconhecido
Sra. Maria Julia Novaes,. .***.***-9,,Endereço Invalido,Estado Desconhecido,,Estado Desconhecido
João Pedro Peixoto,. .***.***-3,,Endereço Invalido,Estado Desconhecido,,Estado Desconhecido
Alana Fernandes,. .***.***-8,,Endereço Invalido,Estado Desconhecido,,Estado Desconhecido
Sra. Mirella Rezende,. .***.***-7,,Endereço Invalido,Estado Desconhecido,,Estado Desconhecido
Gabrielly Moreira,. .***.***-8,,Endereço Invalido,Estado Desconhecido,,Estado Desconhecido
Sra. Sofia Souza,. .***.***-5,,Endereço Invalido,Estado Desconhecido,,Estado Desconhecido
Mariane Melo,. .***.***-5,,Endereço Invalido,Estado Desconhecido,,Estado Desconhecido
Lorena Souza,. .***.***-8,,Endereço Invalido,Estado Desconhecido,,Estado Desconhecido
Fernando Da Mata,. .***.***-0,,Endereço Invalido,Estado Desconhecido,,Estado Desconhecido
Laura Cardoso,. .***.***-1,,Endereço Invalido,Estado Desconhecido,,Estado Desconhecido
Marina Da Cruz,. .***.***-4,,Endereço Invalido,Estado Desconhecido,,Estado Desconhecido
Maria Rocha,. .***.***-3,,Endereço Invalido,Estado Desconhecido,,Estado Desconhecido
Pedro Henrique Almeida,. .***.***-8,,Endereço Invalido,Estado Desconhecido,,Estado Desconhecido
Dr. Davi Luiz Nunes,. .***.***-4,,Endereço Invalido,Estado Desconhecido,,Estado Desconhecido
Vitor Gabriel Costela,. .***.***-5,,Endereço Invalido,Estado Desconhecido,,Estado Desconhecido
Dr. Luigi Barbosa,. .***.***-1,,Endereço Invalido,Estado Desconhecido,,Estado Desconhecido
Rodrigo Azevedo,. .***.***-7,,Endereço Invalido,Estado Desconhecido,,Estado Desconhecido
Pedro Henrique Cardoso,. .***.***-4,,Endereço Invalido,Estado Desconhecido,,Estado Desconhecido
Sr. João Cardoso,. .***.***-2,,Endereço Invalido,Estado Desconhecido,,Estado Desconhecido
Maria Julia Nunes,. .***.***-1,,Endereço Invalido,Estado Desconhecido,,Estado Desconhecido
Fernanda Duarte,. .***.***-3,,Endereço Invalido,Estado Desconhecido,,Estado Desconhecido
Marcos Vinicius Oliveira,. .***.***-0,,Endereço Invalido,Estado Desconhecido,,Estado Desconhecido
Leandro Aragão,. .***.***-4,,Endereço Invalido,Estado Desconhecido,,Estado Desconhecido
Maria Alice Vieira,. .***.***-2,,Endereço Invalido,Estado Desconhecido,,Estado Desconhecido
Ana Luiza Jesus,. .***.***-1,,Endereço Invalido,Estado Desconhecido,,Estado Desconhecido
Guilherme Cardoso,. .***.***-7,,Endereço Invalido,Estado Desconhecido,,Estado Desconhecido
Luiz Felipe Azevedo,. .***.***-9,,Endereço Invalido,Estado Desconhecido,,Estado Desconhecido
Nathan Araújo,. .***.***-3,,Endereço Invalido,Estado Desconhecido,,Estado Desconhecido
Clara Ferreira,. .***.***-7,,Endereço Invalido,Estado Desconhecido,,Estado Desconhecido
Felipe Da Mata,. .***.***-4,,Endereço Invalido,Estado Desconhecido,,Estado Desconhecido
Enzo Gabriel Azevedo,. .***.***-9,,Endereço Invalido,Estado Desconhecido,,Estado Desconhecido
Maitê Barbosa,. .***.***-1,,Endereço Invalido,Estado Desconhecido,,Estado Desconhecido
Srta. Isis Da Cruz,. .***.***-3,,Endereço Invalido,Estado Desconhecido,,Estado Desconhecido
Otávio Da Mata,. .***.***-5,,Endereço Invalido,Estado Desconhecido,,Estado Desconhecido
Sophie Castro,. .***.***-5,,Endereço Invalido,Estado Desconhecido,,Estado Desconhecido
Diogo Da Cunha,. .***.***-3,,Endereço Invalido,Estado Desconhecido,,Estado Desconhecido
Benício Fernandes,. .***.***-9,,Endereço Invalido,Estado Desconhecido,,Estado Desconhecido
João Pedro Silva,. .***.***-3,,Endereço Invalido,Estado Desconhecido,,Estado Desconhecido
Heloísa Cunha,. .***.***-0,,Endereço Invalido,Estado Desconhecido,,Estado Desconhecido
Bruno Novaes,. .***.***-0,,Endereço Invalido,Estado Desconhecido,,Estado Desconhecido
Levi Cavalcanti,. .***.***-1,,Endereço Invalido,Estado Desconhecido,,Estado Desconhecido
João Pedro Lopes,. .***.***-7,,Endereço Invalido,Estado Desconhecido,,Estado Desconhecido
Heloísa Da Luz,. .***.***-9,,Endereço Invalido,Estado Desconhecido,,Estado Desconhecido
Lorena Gomes,. .***.***-8,,Endereço Invalido,Estado Desconhecido,,Estado Desconhecido
Milena Vieira,. .***.***-3,,Endereço Invalido,Estado Desconhecido,,Estado Desconhecido
Milena Ramos,. .***.***-0,,Endereço Invalido,Estado Desconhecido,,Estado Desconhecido
Vitor Hugo Ramos,. .***.***-6,,Endereço Invalido,Estado Desconhecido,,Estado Desconhecido
Ana Julia Nascimento,. .***.***-7,,Endereço Invalido,Estado Desconhecido,,Estado Desconhecido
Dr. Enrico Carvalho,. .***.***-4,,Endereço Invalido,Estado Desconhecido,,Estado Desconhecido
Vitor Hugo Cunha,. .***.***-1,,Endereço Invalido,Estado Desconhecido,,Estado Desconhecido
Dr. Samuel Moura,. .***.***-2,,Endereço Invalido,Estado Desconhecido,,Estado Desconhecido
Luana Nascimento,. .***.***-4,,Endereço Invalido,Estado Desconhecido,,Estado Desconhecido
Dra. Maria Vitória Viana,. .***.***-0,,Endereço Invalido,Estado Desconhecido,,Estado Desconhecido
Sr. Calebe Duarte,. .***.***-6,,Endereço Invalido,Estado Desconhecido,,Estado Desconhecido
Leonardo Costela,. .***.***-4,,Endereço Invalido,Estado Desconhecido,,Estado Desconhecido
Benício Moreira,. .***.***-6,,Endereço Invalido,Estado Desconhecido,,Estado Desconhecido
Lucca Mendes,. .***.***-9,,Endereço Invalido,Estado Desconhecido,,Estado Desconhecido
Sophie Farias,. .***.***-1,,Endereço Invalido,Estado Desconhecido,,Estado Desconhecido
Bruna Da Rocha,. .***.***-5,,Endereço Invalido,Estado Desconhecido,,Estado Desconhecido
Heitor Nascimento,. .***.***-3,,Endereço Invalido,Estado Desconhecido,,Estado Desconhecido
Rafael Porto,. .***.***-9,,Endereço Invalido,Estado Desconhecido,,Estado Desconhecido
Luiz Miguel Da Paz,. .***.***-7,,Endereço Invalido,Estado Desconhecido,,Estado Desconhecido
Srta. Pietra Duarte,. .***.***-3,,Endereço Invalido,Estado Desconhecido,,Estado Desconhecido
Eloah Cunha,. .***.***-8,,Endereço Invalido,Estado Desconhecido,,Estado Desconhecido
Bruna Rodrigues,. .***.***-5,,Endereço Invalido,Estado Desconhecido,,Estado Desconhecido
Felipe Monteiro,. .***.***-2,,Endereço Invalido,Estado Desconhecido,,Estado Desconhecido
Isis Campos,. .***.***-8,,Endereço Invalido,Estado Desconhecido,,Estado Desconhecido
Vitor Novaes,. .***.***-6,,Endereço Invalido,Estado Desconhecido,,Estado Desconhecido
Yago Porto,. .***.***-7,,Endereço Invalido,Estado Desconhecido,,Estado Desconhecido
Guilherme Campos,. .***.***-4,,Endereço Invalido,Estado Desconhecido,,Estado Desconhecido
Vitor Moraes,. .***.***-7,,Endereço Invalido,Estado Desconhecido,,Estado Desconhecido
João Gabriel Jesus,. .***.***-0,,Endereço Invalido,Estado Desconhecido,,Estado Desconhecido
Dr. Vitor Hugo Rezende,. .***.***-6,,Endereço Invalido,Estado Desconhecido,,Estado Desconhecido
Dr. Arthur Carvalho,. .***.***-1,,Endereço Invalido,Estado Desconhecido,,Estado Desconhecido
Ryan Mendes,. .***.***-9,,Endereço Invalido,Estado Desconhecido,,Estado Desconhecido
Ana Laura Silva,. .***.***-5,,Endereço Invalido,Estado Desconhecido,,Estado Desconhecido
Lorenzo Novaes,. .***.***-0,,Endereço Invalido,Estado Desconhecido,,Estado Desconhecido
Cauê Cardoso,. .***.***-9,,Endereço Invalido,Estado Desconhecido,,Estado Desconhecido
Dra. Ana Luiza Silveira,. .***.***-4,,Endereço Invalido,Estado Desconhecido,,Estado Desconhecido
Lavínia Azevedo,. .***.***-8,,Endereço Invalido,Estado Desconhecido,,Estado Desconhecido
Letícia Jesus,. .***.***-1,,Endereço Invalido,Estado Desconhecido,,Estado Desconhecido
Bruna Ribeiro,. .***.***-2,,Endereço Invalido,Estado Desconhecido,,Estado Desconhecido
Theo Da Mata,. .***.***-8,,Endereço Invalido,Estado Desconhecido,,Estado Desconhecido
João Gabriel Porto,. .***.***-6,,Endereço Invalido,Estado Desconhecido,,Estado Desconhecido
Maria Julia Freitas,. .***.***-8,,Endereço Invalido,Estado Desconhecido,,Estado Desconhecido
Dr. Otávio Barros,. .***.***-3,,Endereço Invalido,Estado Desconhecido,,Estado Desconhecido
Yasmin Gomes,. .***.***-7,,Endereço Invalido,Estado Desconhecido,,Estado Desconhecido
Sofia Novaes,. .***.***-6,,Endereço Invalido,Estado Desconhecido,,Estado Desconhecido
Ian Da Luz,. .***.***-2,,Endereço Invalido,Estado Desconhecido,,Estado Desconhecido
Davi Luiz Souza,. .***.***-7,,Endereço Invalido,Estado Desconhecido,,Estado Desconhecido
Cecília Araújo,. .***.***-2,,Endereço Invalido,Estado Desconhecido,,Estado Desconhecido
Luiz Gustavo Duarte,. .***.***-1,,Endereço Invalido,Estado Desconhecido,,Estado Desconhecido
Ana Julia Cardoso,. .***.***-4,,Endereço Invalido,Estado Desconhecido,,Estado Desconhecido
Gabrielly Lima,. .***.***-0,,Endereço Invalido,Estado Desconhecido,,Estado Desconhecido
Heloísa Ribeiro,. .***.***-7,,Endereço Invalido,Estado Desconhecido,,Estado Desconhecido
Letícia Costa,. .***.***-0,,Endereço Invalido,Estado Desconhecido,,Estado Desconhecido
Ana Beatriz Da Rocha,. .***.***-8,,Endereço Invalido,Estado Desconhecido,,Estado Desconhecido
Benjamin Moura,. .***.***-5,,Endereço Invalido,Estado Desconhecido,,Estado Desconhecido
Ana Julia Fogaça,. .***.***-3,,Endereço Invalido,Estado Desconhecido,,Estado Desconhecido
Clara Da Mata,. .***.***-4,,Endereço Invalido,Estado Desconhecido,,Estado Desconhecido
Fernanda Oliveira,. .***.***-2,,Endereço Invalido,Estado Desconhecido,,Estado Desconhecido
Laura Das Neves,. .***.***-3,,Endereço Invalido,Estado Desconhecido,,Estado Desconhecido
Lívia Teixeira,. .***.***-4,,Endereço Invalido,Estado Desconhecido,,Estado Desconhecido
Eloah Moreira,. .***.***-4,,Endereço Invalido,Estado Desconhecido,,Estado Desconhecido
Lívia Cardoso,. .***.***-9,,Endereço Invalido,Estado Desconhecido,,Estado Desconhecido
Augusto Freitas,. .***.***-0,,Endereço Invalido,Estado Desconhecido,,Estado Desconhecido
Raquel Fernandes,. .***.***-7,,Endereço Invalido,Estado Desconhecido,,Estado Desconhecido
Sr. Anthony Da Costa,. .***.***-4,,Endereço Invalido,Estado Desconhecido,,Estado Desconhecido
Murilo Melo,. .***.***-1,,Endereço Invalido,Estado Desconhecido,,Estado Desconhecido
Srta. Mirella Barbosa,. .***.***-0,,Endereço Invalido,Estado Desconhecido,,Estado Desconhecido
Gabriela Das Neves,. .***.***-7,,Endereço Invalido,Estado Desconhecido,,Estado Desconhecido
Bruno Da Cunha,. .***.***-9,,Endereço Invalido,Estado Desconhecido,,Estado Desconhecido
Alexandre Rodrigues,. .***.***-0,,Endereço Invalido,Estado Desconhecido,,Estado Desconhecido
Natália Rezende,. .***.***-4,,Endereço Invalido,Estado Desconhecido,,Estado Desconhecido
Emilly Caldeira,. .***.***-2,,Endereço Invalido,Estado Desconhecido,,Estado Desconhecido
Levi Azevedo,. .***.***-9,,Endereço Invalido,Estado Desconhecido,,Estado Desconhecido
Nicole Da Rocha,. .***.***-7,,Endereço Invalido,Estado Desconhecido,,Estado Desconhecido
Joana Moreira,. .***.***-5,,Endereço Invalido,Estado Desconhecido,,Estado Desconhecido
Maria Eduarda Almeida,. .***.***-3,,Endereço Invalido,Estado Desconhecido,,Estado Desconhecido
Marcela Da Cruz,. .***.***-6,,Endereço Invalido,Estado Desconhecido,,Estado Desconhecido
Helena Nunes,. .***.***-3,,Endereço Invalido,Estado Desconhecido,,Estado Desconhecido
Isaac Oliveira,. .***.***-9,,Endereço Invalido,Estado Desconhecido,,Estado Desconhecido
Manuela Pinto,. .***.***-4,,Endereço Invalido,Estado Desconhecido,,Estado Desconhecido
Bryan Ramos,. .***.***-1,,Endereço Invalido,Estado Desconhecido,,Estado Desconhecido
Sr. Enzo Gabriel Fernandes,. .***.***-9,,Endereço Invalido,Estado Desconhecido,,Estado Desconhecido
Brenda Ramos,. .***.***-9,,Endereço Invalido,Estado Desconhecido,,Estado Desconhecido
Yuri Rezende,. .***.***-4,,Endereço Invalido,Estado Desconhecido,,Estado Desconhecido
Luiz Miguel Da Costa,. .***.***-0,,Endereço Invalido,Estado Desconhecido,,Estado Desconhecido
Enzo Nogueira,. .***.***-7,,Endereço Invalido,Estado Desconhecido,,Estado Desconhecido
Davi Lucca Azevedo,. .***.***-5,,Endereço Invalido,Estado Desconhecido,,Estado Desconhecido
Luiz Otávio Fernandes,. .***.***-6,,Endereço Invalido,Estado Desconhecido,,Estado Desconhecido
Thomas Correia,. .***.***-3,,Endereço Invalido,Estado Desconhecido,,Estado Desconhecido
Davi Lucca Teixeira,. .***.***-7,,Endereço Invalido,Estado Desconhecido,,Estado Desconhecido
Luiz Gustavo Ribeiro,. .***.***-9,,Endereço Invalido,Estado Desconhecido,,Estado Desconhecido
Pietra Da Mata,. .***.***-7,,Endereço Invalido,Estado Desconhecido,,Estado Desconhecido
Joaquim Azevedo,. .***.***-6,,Endereço Invalido,Estado Desconhecido,,Estado Desconhecido
Sra. Agatha Melo,. .***.***-6,,Endereço Invalido,Estado Desconhecido,,Estado Desconhecido
Maria Julia Lopes,. .***.***-3,,Endereço Invalido,Estado Desconhecido,,Estado Desconhecido
Dr. Marcelo Cardoso,. .***.***-2,,Endereço Invalido,Estado Desconhecido,,Estado Desconhecido
Catarina Moreira,. .***.***-7,,Endereço Invalido,Estado Desconhecido,,Estado Desconhecido
Heitor Vieira,. .***.***-9,,Endereço Invalido,Estado Desconhecido,,Estado Desconhecido
Luiz Fernando Da Luz,. .***.***-1,,Endereço Invalido,Estado Desconhecido,,Estado Desconhecido
Sabrina Silva,. .***.***-6,,Endereço Invalido,Estado Desconhecido,,Estado Desconhecido
Luiz Henrique Martins,. .***.***-8,,Endereço Invalido,Estado Desconhecido,,Estado Desconhecido
Catarina Carvalho,. .***.***-6,,Endereço Invalido,Estado Desconhecido,,Estado Desconhecido
Ana Vitória Azevedo,. .***.***-9,,Endereço Invalido,Estado Desconhecido,,Estado Desconhecido
Thales Campos,. .***.***-2,,Endereço Invalido,Estado Desconhecido,,Estado Desconhecido
Thales Oliveira,. .***.***-9,,Endereço Invalido,Estado Desconhecido,,Estado Desconhecido
Fernanda Cavalcanti,. .***.***-2,,Endereço Invalido,Estado Desconhecido,,Estado Desconhecido
Dr. João Gabriel Da Conceição,. .***.***-1,,Endereço Invalido,Estado Desconhecido,,Estado Desconhecido
Noah Barros,. .***.***-0,,Endereço Invalido,Estado Desconhecido,,Estado Desconhecido
Dr. Felipe Novaes,. .***.***-5,,Endereço Invalido,Estado Desconhecido,,Estado Desconhecido
Luiz Fernando Aragão,. .***.***-0,,Endereço Invalido,Estado Desconhecido,,Estado Desconhecido
Ana Júlia Cardoso,. .***.***-2,,Endereço Invalido,Estado Desconhecido,,Estado Desconhecido
Marina Ramos,. .***.***-8,,Endereço Invalido,Estado Desconhecido,,Estado Desconhecido
Dra. Joana Lopes,. .***.***-9,,Endereço Invalido,Estado Desconhecido,,Estado Desconhecido
Isabel Duarte,. .***.***-6,,Endereço Invalido,Estado Desconhecido,,Estado Desconhecido
Paulo Jesus,. .***.***-8,,Endereço Invalido,Estado Desconhecido,,Estado Desconhecido
Laura Costa,. .***.***-0,,Endereço Invalido,Estado Desconhecido,,Estado Desconhecido
Sra. Milena Pinto,. .***.***-0,,Endereço Invalido,Estado Desconhecido,,Estado Desconhecido
Danilo Ribeiro,. .***.***-9,,Endereço Invalido,Estado Desconhecido,,Estado Desconhecido
Lívia Nunes,. .***.***-2,,Endereço Invalido,Estado Desconhecido,,Estado Desconhecido
Alícia Rodrigues,. .***.***-9,,Endereço Invalido,Estado Desconhecido,,Estado Desconhecido
Agatha Rezende,. .***.***-7,,Endereço Invalido,Estado Desconhecido,,Estado Desconhecido
Juliana Santos,. .***.***-5,,Endereço Invalido,Estado Desconhecido,,Estado Desconhecido
Maria Fernanda Da Conceição,. .***.***-8,,Endereço Invalido,Estado Desconhecido,,Estado Desconhecido
Daniela Barbosa,. .***.***-1,,Endereço Invalido,Estado Desconhecido,,Estado Desconhecido
Arthur Pinto,. .***.***-2,,Endereço Invalido,Estado Desconhecido,,Estado Desconhecido
Emanuel Aragão,. .***.***-0,,Endereço Invalido,Estado Desconhecido,,Estado Desconhecido
Dra. Alice Vieira,. .***.***-6,,Endereço Invalido,Estado Desconhecido,,Estado Desconhecido
Maria Cecília Moreira,. .***.***-5,,Endereço Invalido,Estado Desconhecido,,Estado Desconhecido
,. .***.***-2,,Endereço Invalido,Estado Desconhecido,,Estado Desconhecido
Maria Vitória Campos,. .***.***-0,,Endereço Invalido,Estado Desconhecido,,Estado Desconhecido
Isabel Da Conceição,. .***.***-9,,Endereço Invalido,Estado Desconhecido,,Estado Desconhecido
,. .***.***-3,,Endereço Invalido,Estado Desconhecido,,Estado Desconhecido
Dr. Thomas Nunes,. .***.***-7,,Endereço Invalido,Estado Desconhecido,,Estado Desconhecido
Lucca Moura,. .***.***-8,,Endereço Invalido,Estado Desconhecido,,Estado Desconhecido
Diogo Souza,. .***.***-9,,Endereço Invalido,Estado Desconhecido,,Estado Desconhecido
Juliana Costa,. .***.***-0,,Endereço Invalido,Estado Desconhecido,,Estado Desconhecido
Eduarda Da Costa,. .***.***-9,,Endereço Invalido,Estado Desconhecido,,Estado Desconhecido
Alana Freitas,. .***.***-7,,Endereço Invalido,Estado Desconhecido,,Estado Desconhecido
Murilo Ramos,. .***.***-4,,Endereço Invalido,Estado Desconhecido,,Estado Desconhecido
Cecília Souza,. .***.***-4,,Endereço Invalido,Estado Desconhecido,,Estado Desconhecido
Raul Martins,. .***.***-7,,Endereço Invalido,Estado Desconhecido,,Estado Desconhecido
Renan Cavalcanti,. .***.***-2,,Endereço Invalido,Estado Desconhecido,,Estado Desconhecido
Sr. Diego Pires,. .***.***-2,,Endereço Invalido,Estado Desconhecido,,Estado Desconhecido
Sofia Da Rocha,. .***.***-9,,Endereço Invalido,Estado Desconhecido,,Estado Desconhecido
Lorenzo Dias,. .***.***-1,,Endereço Invalido,Estado Desconhecido,,Estado Desconhecido
Sr. Vitor Souza,. .***.***-6,,Endereço Invalido,Estado Desconhecido,,Estado Desconhecido
Vitor Gabriel Cardoso,. .***.***-4,,Endereço Invalido,Estado Desconhecido,,Estado Desconhecido
Pedro Rodrigues,. .***.***-0,,Endereço Invalido,Estado Desconhecido,,Estado Desconhecido
Eduarda Teixeira,. .***.***-5,,Endereço Invalido,Estado Desconhecido,,Estado Desconhecido
Daniel Oliveira,. .***.***-3,,Endereço Invalido,Estado Desconhecido,,Estado Desconhecido
Isadora Nogueira,. .***.***-9,,Endereço Invalido,Estado Desconhecido,,Estado Desconhecido
Sr. Fernando Moraes,. .***.***-8,,Endereço Invalido,Estado Desconhecido,,Estado Desconhecido
Luiza Araújo,. .***.***-6,,Endereço Invalido,Estado Desconhecido,,Estado Desconhecido
Maria Luiza Pires,. .***.***-0,,Endereço Invalido,Estado Desconhecido,,Estado Desconhecido
João Lucas Das Neves,. .***.***-4,,Endereço Invalido,Estado Desconhecido,,Estado Desconhecido
Vitor Gabriel Carvalho,. .***.***-7,,Endereço Invalido,Estado Desconhecido,,Estado Desconhecido
Henrique Sales,. .***.***-6,,Endereço Invalido,Estado Desconhecido,,Estado Desconhecido
Henrique Ferreira,. .***.***-0,,Endereço Invalido,Estado Desconhecido,,Estado Desconhecido
Dra. Raquel Da Mota,. .***.***-3,,Endereço Invalido,Estado Desconhecido,,Estado Desconhecido
Levi Melo,. .***.***-3,,Endereço Invalido,Estado Desconhecido,,Estado Desconhecido
Ana Luiza Gomes,. .***.***-7,,Endereço Invalido,Estado Desconhecido,,Estado Desconhecido
Isaac Fernandes,. .***.***-2,,Endereço Invalido,Estado Desconhecido,,Estado Desconhecido
Leandro Fernandes,. .***.***-8,,Endereço Invalido,Estado Desconhecido,,Estado Desconhecido
Dr. Breno Sales,. .***.***-5,,Endereço Invalido,Estado Desconhecido,,Estado Desconhecido
Rafael Araújo,. .***.***-1,,Endereço Invalido,Estado Desconhecido,,Estado Desconhecido
Eduardo Da Costa,. .***.***-3,,Endereço Invalido,Estado Desconhecido,,Estado Desconhecido
Dra. Larissa Fernandes,. .***.***-2,,Endereço Invalido,Estado Desconhecido,,Estado Desconhecido
Milena Da Rocha,. .***.***-4,,Endereço Invalido,Estado Desconhecido,,Estado Desconhecido
Eduarda Aragão,. .***.***-2,,Endereço Invalido,Estado Desconhecido,,Estado Desconhecido
Sr. Ian Barbosa,. .***.***-9,,Endereço Invalido,Estado Desconhecido,,Estado Desconhecido
Ian Cardoso,. .***.***-1,,Endereço Invalido,Estado Desconhecido,,Estado Desconhecido
Vitor Gabriel Ferreira,. .***.***-6,,Endereço Invalido,Estado Desconhecido,,Estado Desconhecido
Rodrigo Melo,. .***.***-2,,Endereço Invalido,Estado Desconhecido,,Estado Desconhecido
Anthony Rezende,. .***.***-1,,Endereço Invalido,Estado Desconhecido,,Estado Desconhecido
Sra. Bianca Farias,. .***.***-3,,Endereço Invalido,Estado Desconhecido,,Estado Desconhecido
João Carvalho,. .***.***-8,,Endereço Invalido,Estado Desconhecido,,Estado Desconhecido
Benício Da Costa,. .***.***-3,,Endereço Invalido,Estado Desconhecido,,Estado Desconhecido
Yuri Alves,. .***.***-6,,Endereço Invalido,Estado Desconhecido,,Estado Desconhecido
Gabriela Da Rosa,. .***.***-0,,Endereço Invalido,Estado Desconhecido,,Estado Desconhecido
Eduarda Da Conceição,. .***.***-8,,Endereço Invalido,Estado Desconhecido,,Estado Desconhecido
Vicente Aragão,. .***.***-5,,Endereço Invalido,Estado Desconhecido,,Estado Desconhecido
Srta. Sabrina Teixeira,. .***.***-2,,Endereço Invalido,Estado Desconhecido,,Estado Desconhecido
Antônio Santos,. .***.***-8,,Endereço Invalido,Estado Desconhecido,,Estado Desconhecido
Dr. Lucca Pinto,. .***.***-6,,Endereço Invalido,Estado Desconhecido,,Estado Desconhecido
Emilly Vieira,. .***.***-4,,Endereço Invalido,Estado Desconhecido,,Estado Desconhecido
Dr. Gabriel Da Mata,. .***.***-1,,Endereço Invalido,Estado Desconhecido,,Estado Desconhecido
Emanuella Azevedo,. .***.***-6,,Endereço Invalido,Estado Desconhecido,,Estado Desconhecido
Ana Julia Rocha,. .***.***-8,,Endereço Invalido,Estado Desconhecido,,Estado Desconhecido
Milena Castro,. .***.***-2,,Endereço Invalido,Estado Desconhecido,,Estado Desconhecido
Lavínia Peixoto,. .***.***-4,,Endereço Invalido,Estado Desconhecido,,Estado Desconhecido
Enzo Gabriel Gomes,. .***.***-3,,Endereço Invalido,Estado Desconhecido,,Estado Desconhecido
Laura Fogaça,. .***.***-6,,Endereço Invalido,Estado Desconhecido,,Estado Desconhecido
Sr. Vitor Da Mata,. .***.***-2,,Endereço Invalido,Estado Desconhecido,,Estado Desconhecido
Sophie Pinto,. .***.***-3,,Endereço Invalido,Estado Desconhecido,,Estado Desconhecido
Sr. Kaique Peixoto,. .***.***-6,,Endereço Invalido,Estado Desconhecido,,Estado Desconhecido
Luiz Henrique Mendes,. .***.***-8,,Endereço Invalido,Estado Desconhecido,,Estado Desconhecido
Sr. Felipe Barros,. .***.***-9,,Endereço Invalido,Estado Desconhecido,,Estado Desconhecido
Ana Beatriz Pereira,. .***.***-8,,Endereço Invalido,Estado Desconhecido,,Estado Desconhecido
Sr. Rafael Silva,. .***.***-8,,Endereço Invalido,Estado Desconhecido,,Estado Desconhecido
Dra. Olivia Mendes,. .***.***-9,,Endereço Invalido,Estado Desconhecido,,Estado Desconhecido
Eduardo Sales,. .***.***-2,,Endereço Invalido,Estado Desconhecido,,Estado Desconhecido
André Rodrigues,. .***.***-5,,Endereço Invalido,Estado Desconhecido,,Estado Desconhecido
Sophia Cavalcanti,. .***.***-2,,Endereço Invalido,Estado Desconhecido,,Estado Desconhecido
Carolina Sales,. .***.***-9,,Endereço Invalido,Estado Desconhecido,,Estado Desconhecido
Lucas Monteiro,. .***.***-4,,Endereço Invalido,Estado Desconhecido,,Estado Desconhecido
João Felipe Dias,. .***.***-0,,Endereço Invalido,Estado Desconhecido,,Estado Desconhecido
Dr. Ian Fogaça,. .***.***-8,,Endereço Invalido,Estado Desconhecido,,Estado Desconhecido
Lorena Barros,. .***.***-5,,Endereço Invalido,Estado Desconhecido,,Estado Desconhecido
Sra. Ana Clara Teixeira,. .***.***-0,,Endereço Invalido,Estado Desconhecido,,Estado Desconhecido
Natália Monteiro,. .***.***-1,,Endereço Invalido,Estado Desconhecido,,Estado Desconhecido
Eduarda Duarte,. .***.***-3,,Endereço Invalido,Estado Desconhecido,,Estado Desconhecido
Larissa Carvalho,. .***.***-2,,Endereço Invalido,Estado Desconhecido,,Estado Desconhecido
Lara Moraes,. .***.***-9,,Endereço Invalido,Estado Desconhecido,,Estado Desconhecido
Sophie Da Rosa,. .***.***-4,,Endereço Invalido,Estado Desconhecido,,Estado Desconhecido
Olivia Martins,. .***.***-1,,Endereço Invalido,Estado Desconhecido,,Estado Desconhecido
Thomas Barros,. .***.***-5,,Endereço Invalido,Estado Desconhecido,,Estado Desconhecido
Davi Luiz Azevedo,. .***.***-8,,Endereço Invalido,Estado Desconhecido,,Estado Desconhecido
Danilo Santos,. .***.***-7,,Endereço Invalido,Estado Desconhecido,,Estado Desconhecido
Sr. Enzo Porto,. .***.***-6,,Endereço Invalido,Estado Desconhecido,,Estado Desconhecido
Bianca Alves,. .***.***-4,,Endereço Invalido,Estado Desconhecido,,Estado Desconhecido
Alexia Das Neves,. .***.***-7,,Endereço Invalido,Estado Desconhecido,,Estado Desconhecido
Esther Campos,. .***.***-3,,Endereço Invalido,Estado Desconhecido,,Estado Desconhecido
Ana Júlia Freitas,. .***.***-4,,Endereço Invalido,Estado Desconhecido,,Estado Desconhecido
Maria Vitória Da Mata,. .***.***-6,,Endereço Invalido,Estado Desconhecido,,Estado Desconhecido
Ryan Da Mata,. .***.***-2,,Endereço Invalido,Estado Desconhecido,,Estado Desconhecido
Emilly Ribeiro,. .***.***-4,,Endereço Invalido,Estado Desconhecido,,Estado Desconhecido
Bernardo Pinto,. .***.***-7,,Endereço Invalido,Estado Desconhecido,,Estado Desconhecido
Nicole Peixoto,. .***.***-9,,Endereço Invalido,Estado Desconhecido,,Estado Desconhecido
Isaac Da Conceição,. .***.***-7,,Endereço Invalido,Estado Desconhecido,,Estado Desconhecido
Davi Lucca Santos,. .***.***-1,,Endereço Invalido,Estado Desconhecido,,Estado Desconhecido
Paulo Lopes,. .***.***-6,,Endereço Invalido,Estado Desconhecido,,Estado Desconhecido
Sophie Vieira,. .***.***-8,,Endereço Invalido,Estado Desconhecido,,Estado Desconhecido
Rodrigo Da Cruz,. .***.***-8,,Endereço Invalido,Estado Desconhecido,,Estado Desconhecido
Sr. Samuel Barbosa,. .***.***-3,,Endereço Invalido,Estado Desconhecido,,Estado Desconhecido
Dr. Cauê Ramos,. .***.***-9,,Endereço Invalido,Estado Desconhecido,,Estado Desconhecido
Bruno Jesus,. .***.***-4,,Endereço Invalido,Estado Desconhecido,,Estado Desconhecido
Lívia Correia,. .***.***-3,,Endereço Invalido,Estado Desconhecido,,Estado Desconhecido
Enrico Da Rocha,. .***.***-1,,Endereço Invalido,Estado Desconhecido,,Estado Desconhecido
Rafaela Aragão,. .***.***-9,,Endereço Invalido,Estado Desconhecido,,Estado Desconhecido
Dr. Marcos Vinicius Farias,. .***.***-5,,Endereço Invalido,Estado Desconhecido,,Estado Desconhecido
Larissa Lopes,. .***.***-5,,Endereço Invalido,Estado Desconhecido,,Estado Desconhecido
Isadora Carvalho,. .***.***-7,,Endereço Invalido,Estado Desconhecido,,Estado Desconhecido
Sr. Vitor Da Rocha,. .***.***-4,,Endereço Invalido,Estado Desconhecido,,Estado Desconhecido
Isadora Pereira,. .***.***-1,,Endereço Invalido,Estado Desconhecido,,Estado Desconhecido
Dr. Bernardo Da Cunha,. .***.***-7,,Endereço Invalido,Estado Desconhecido,,Estado Desconhecido
Gabrielly Mendes,. .***.***-4,,Endereço Invalido,Estado Desconhecido,,Estado Desconhecido
Sr. Bruno Da Mata,. .***.***-3,,Endereço Invalido,Estado Desconhecido,,Estado Desconhecido
Breno Rocha,. .***.***-7,,Endereço Invalido,Estado Desconhecido,,Estado Desconhecido
Luigi Ferreira,. .***.***-8,,Endereço Invalido,Estado Desconhecido,,Estado Desconhecido
Davi Lucca Da Cruz,. .***.***-2,,Endereço Invalido,Estado Desconhecido,,Estado Desconhecido
Henrique Almeida,. .***.***-4,,Endereço Invalido,Estado Desconhecido,,Estado Desconhecido
Dr. Vitor Hugo Caldeira,. .***.***-3,,Endereço Invalido,Estado Desconhecido,,Estado Desconhecido
Alexia Souza,. .***.***-8,,Endereço Invalido,Estado Desconhecido,,Estado Desconhecido
Luiza Azevedo,. .***.***-3,,Endereço Invalido,Estado Desconhecido,,Estado Desconhecido
Dr. Kaique Da Mota,. .***.***-3,,Endereço Invalido,Estado Desconhecido,,Estado Desconhecido
Laura Lima,. .***.***-1,,Endereço Invalido,Estado Desconhecido,,Estado Desconhecido
Raul Rodrigues,. .***.***-9,,Endereço Invalido,Estado Desconhecido,,Estado Desconhecido
Joaquim Melo,. .***.***-5,,Endereço Invalido,Estado Desconhecido,,Estado Desconhecido
Benjamin Cardoso,. .***.***-4,,Endereço Invalido,Estado Desconhecido,,Estado Desconhecido
João Miguel Lopes,. .***.***-1,,Endereço Invalido,Estado Desconhecido,,Estado Desconhecido
Letícia Da Mota,. .***.***-7,,Endereço Invalido,Estado Desconhecido,,Estado Desconhecido
Levi Da Rocha,. .***.***-0,,Endereço Invalido,Estado Desconhecido,,Estado Desconhecido
Lorena Caldeira,. .***.***-5,,Endereço Invalido,Estado Desconhecido,,Estado Desconhecido
Cauê Nogueira,. .***.***-3,,Endereço Invalido,Estado Desconhecido,,Estado Desconhecido
Sra. Yasmin Ferreira,. .***.***-5,,Endereço Invalido,Estado Desconhecido,,Estado Desconhecido
Nicole Almeida,. .***.***-9,,Endereço Invalido,Estado Desconhecido,,Estado Desconhecido
Fernando Pereira,. .***.***-0,,Endereço Invalido,Estado Desconhecido,,Estado Desconhecido
Breno Pereira,. .***.***-6,,Endereço Invalido,Estado Desconhecido,,Estado Desconhecido
Clara Dias,. .***.***-0,,Endereço Invalido,Estado Desconhecido,,Estado Desconhecido
Dra. Milena Vieira,. .***.***-7,,Endereço Invalido,Estado Desconhecido,,Estado Desconhecido
Vitor Gabriel Porto,. .***.***-4,,Endereço Invalido,Estado Desconhecido,,Estado Desconhecido
Sr. Erick Da Rosa,. .***.***-1,,Endereço Invalido,Estado Desconhecido,,Estado Desconhecido
Marcos Vinicius Da Cunha,. .***.***-9,,Endereço Invalido,Estado Desconhecido,,Estado Desconhecido
Sra. Nina Pires,. .***.***-1,,Endereço Invalido,Estado Desconhecido,,Estado Desconhecido
Felipe Ribeiro,. .***.***-9,,Endereço Invalido,Estado Desconhecido,,Estado Desconhecido
Maria Julia Porto,. .***.***-4,,Endereço Invalido,Estado Desconhecido,,Estado Desconhecido
Pedro Cardoso,. .***.***-5,,Endereço Invalido,Estado Desconhecido,,Estado Desconhecido
Rebeca Da Paz,. .***.***-7,,Endereço Invalido,Estado Desconhecido,,Estado Desconhecido
Enrico Gonçalves,. .***.***-7,,Endereço Invalido,Estado Desconhecido,,Estado Desconhecido
Murilo Campos,. .***.***-1,,Endereço Invalido,Estado Desconhecido,,Estado Desconhecido
Olivia Porto,. .***.***-8,,Endereço Invalido,Estado Desconhecido,,Estado Desconhecido
Mirella Da Conceição,. .***.***-4,,Endereço Invalido,Estado Desconhecido,,Estado Desconhecido
Stephany Cardoso,. .***.***-3,,Endereço Invalido,Estado Desconhecido,,Estado Desconhecido
Sr. Enrico Melo,. .***.***-9,,Endereço Invalido,Estado Desconhecido,,Estado Desconhecido
Dr. Gabriel Souza,. .***.***-2,,Endereço Invalido,Estado Desconhecido,,Estado Desconhecido
Davi Jesus,. .***.***-4,,Endereço Invalido,Estado Desconhecido,,Estado Desconhecido
Guilherme Freitas,. .***.***-7,,Endereço Invalido,Estado Desconhecido,,Estado Desconhecido
Theo Costa,. .***.***-5,,Endereço Invalido,Estado Desconhecido,,Estado Desconhecido
Dr. Gustavo Henrique Das Neves,. .***.***-0,,Endereço Invalido,Estado Desconhecido,,Estado Desconhecido
Maria Luiza Gomes,. .***.***-1,,Endereço Invalido,Estado Desconhecido,,Estado Desconhecido
Davi Lucas Peixoto,. .***.***-0,,Endereço Invalido,Estado Desconhecido,,Estado Desconhecido
Bruna Almeida,. .***.***-0,,Endereço Invalido,Estado Desconhecido,,Estado Desconhecido
Juliana Ramos,. .***.***-6,,Endereço Invalido,Estado Desconhecido,,Estado Desconhecido
Sarah Nascimento,. .***.***-0,,Endereço Invalido,Estado Desconhecido,,Estado Desconhecido
Brenda Da Luz,. .***.***-7,,Endereço Invalido,Estado Desconhecido,,Estado Desconhecido
Heloísa Da Costa,. .***.***-8,,Endereço Invalido,Estado Desconhecido,,Estado Desconhecido
Emanuella Araújo,. .***.***-8,,Endereço Invalido,Estado Desconhecido,,Estado Desconhecido
Vitor Viana,. .***.***-6,,Endereço Invalido,Estado Desconhecido,,Estado Desconhecido
Yago Lopes,. .***.***-0,,Endereço Invalido,Estado Desconhecido,,Estado Desconhecido
Lívia Souza,. .***.***-8,,Endereço Invalido,Estado Desconhecido,,Estado Desconhecido
Gabriela Cavalcanti,. .***.***-9,,Endereço Invalido,Estado Desconhecido,,Estado Desconhecido
Enzo Nogueira,. .***.***-9,,Endereço Invalido,Estado Desconhecido,,Estado Desconhecido
Dr. Ian Barbosa,. .***.***-2,,Endereço Invalido,Estado Desconhecido,,Estado Desconhecido
Gabriela Rocha,. .***.***-8,,Endereço Invalido,Estado Desconhecido,,Estado Desconhecido
Maria Julia Martins,. .***.***-6,,Endereço Invalido,Estado Desconhecido,,Estado Desconhecido
Dra. Marina Santos,. .***.***-0,,Endereço Invalido,Estado Desconhecido,,Estado Desconhecido
Heloísa Teixeira,. .***.***-5,,Endereço Invalido,Estado Desconhecido,,Estado Desconhecido
Paulo Farias,. .***.***-3,,Endereço Invalido,Estado Desconhecido,,Estado Desconhecido
Gabrielly Cardoso,. .***.***-7,,Endereço Invalido,Estado Desconhecido,,Estado Desconhecido
Davi Aragão,. .***.***-8,,Endereço Invalido,Estado Desconhecido,,Estado Desconhecido
Yago Peixoto,. .***.***-0,,Endereço Invalido,Estado Desconhecido,,Estado Desconhecido
Erick Da Conceição,. .***.***-3,,Endereço Invalido,Estado Desconhecido,,Estado Desconhecido
Isis Araújo,. .***.***-6,,Endereço Invalido,Estado Desconhecido,,Estado Desconhecido
Dr. Nicolas Rezende,. .***.***-0,,Endereço Invalido,Estado Desconhecido,,Estado Desconhecido
Sr. Samuel Nascimento,. .***.***-4,,Endereço Invalido,Estado Desconhecido,,Estado Desconhecido
Sra. Maria Fernanda Barbosa,. .***.***-8,,Endereço Invalido,Estado Desconhecido,,Estado Desconhecido
Luiz Felipe Farias,. .***.***-9,,Endereço Invalido,Estado Desconhecido,,Estado Desconhecido
Sr. Calebe Silva,. .***.***-2,,Endereço Invalido,Estado Desconhecido,,Estado Desconhecido
Emanuella Gonçalves,. .***.***-7,,Endereço Invalido,Estado Desconhecido,,Estado Desconhecido
Augusto Oliveira,. .***.***-6,,Endereço Invalido,Estado Desconhecido,,Estado Desconhecido
Pedro Azevedo,. .***.***-3,,Endereço Invalido,Estado Desconhecido,,Estado Desconhecido
Sra. Maria Luiza Fogaça,. .***.***-0,,Endereço Invalido,Estado Desconhecido,,Estado Desconhecido
Eduarda Oliveira,. .***.***-5,,Endereço Invalido,Estado Desconhecido,,Estado Desconhecido
Paulo Ramos,. .***.***-0,,Endereço Invalido,Estado Desconhecido,,Estado Desconhecido
Beatriz Pires,. .***.***-5,,Endereço Invalido,Estado Desconhecido,,Estado Desconhecido
Fernando Azevedo,. .***.***-0,,Endereço Invalido,Estado Desconhecido,,Estado Desconhecido
Eloah Silva,. .***.***-7,,Endereço Invalido,Estado Desconhecido,,Estado Desconhecido
Caio Araújo,. .***.***-7,,Endereço Invalido,Estado Desconhecido,,Estado Desconhecido
Sra. Valentina Sales,. .***.***-9,,Endereço Invalido,Estado Desconhecido,,Estado Desconhecido
Melissa Cunha,. .***.***-9,,Endereço Invalido,Estado Desconhecido,,Estado Desconhecido
Laís Da Paz,. .***.***-9,,Endereço Invalido,Estado Desconhecido,,Estado Desconhecido
Heitor Silveira,. .***.***-3,,Endereço Invalido,Estado Desconhecido,,Estado Desconhecido
Fernanda Moraes,. .***.***-4,,Endereço Invalido,Estado Desconhecido,,Estado Desconhecido
Alana Souza,. .***.***-1,,Endereço Invalido,Estado Desconhecido,,Estado Desconhecido
Srta. Caroline Da Rosa,. .***.***-2,,Endereço Invalido,Estado Desconhecido,,Estado Desconhecido
Stephany Vieira,. .***.***-2,,Endereço Invalido,Estado Desconhecido,,Estado Desconhecido
Enzo Barros,. .***.***-4,,Endereço Invalido,Estado Desconhecido,,Estado Desconhecido
Caroline Peixoto,. .***.***-6,,Endereço Invalido,Estado Desconhecido,,Estado Desconhecido
Maria Vitória Novaes,. .***.***-4,,Endereço Invalido,Estado Desconhecido,,Estado Desconhecido
Bruna Moura,. .***.***-0,,Endereço Invalido,Estado Desconhecido,,Estado Desconhecido
Maitê Peixoto,. .***.***-1,,Endereço Invalido,Estado Desconhecido,,Estado Desconhecido
Dr. Anthony Barbosa,. .***.***-9,,Endereço Invalido,Estado Desconhecido,,Estado Desconhecido
Alexandre Jesus,. .***.***-9,,Endereço Invalido,Estado Desconhecido,,Estado Desconhecido
Marcos Vinicius Campos,. .***.***-1,,Endereço Invalido,Estado Desconhecido,,Estado Desconhecido
João Miguel Moura,. .***.***-1,,Endereço Invalido,Estado Desconhecido,,Estado Desconhecido
Ana Júlia Cardoso,. .***.***-6,,Endereço Invalido,Estado Desconhecido,,Estado Desconhecido
Stella Rodrigues,. .***.***-0,,Endereço Invalido,Estado Desconhecido,,Estado Desconhecido
Rebeca Da Rosa,. .***.***-0,,Endereço Invalido,Estado Desconhecido,,Estado Desconhecido
Henrique Monteiro,. .***.***-8,,Endereço Invalido,Estado Desconhecido,,Estado Desconhecido
Ana Beatriz Teixeira,. .***.***-3,,Endereço Invalido,Estado Desconhecido,,Estado Desconhecido
Luigi Da Rosa,. .***.***-6,,Endereço Invalido,Estado Desconhecido,,Estado Desconhecido
Melissa Dias,. .***.***-0,,Endereço Invalido,Estado Desconhecido,,Estado Desconhecido
Beatriz Nunes,. .***.***-3,,Endereço Invalido,Estado Desconhecido,,Estado Desconhecido
Raquel Campos,. .***.***-3,,Endereço Invalido,Estado Desconhecido,,Estado Desconhecido
Alícia Nascimento,. .***.***-8,,Endereço Invalido,Estado Desconhecido,,Estado Desconhecido
Maria Julia Vieira,. .***.***-5,,Endereço Invalido,Estado Desconhecido,,Estado Desconhecido
Igor Ramos,. .***.***-5,,Endereço Invalido,Estado Desconhecido,,Estado Desconhecido
Alice Cardoso,. .***.***-3,,Endereço Invalido,Estado Desconhecido,,Estado Desconhecido
Julia Das Neves,. .***.***-1,,Endereço Invalido,Estado Desconhecido,,Estado Desconhecido
Kamilly Rezende,. .***.***-0,,Endereço Invalido,Estado Desconhecido,,Estado Desconhecido
Breno Freitas,. .***.***-5,,Endereço Invalido,Estado Desconhecido,,Estado Desconhecido
Ana Lívia Da Paz,. .***.***-7,,Endereço Invalido,Estado Desconhecido,,Estado Desconhecido
Sr. Daniel Cavalcanti,. .***.***-9,,Endereço Invalido,Estado Desconhecido,,Estado Desconhecido
Sr. Pedro Cavalcanti,. .***.***-3,,Endereço Invalido,Estado Desconhecido,,Estado Desconhecido
Nome Invalido,. .***.***-0,,Endereço Invalido,Estado Desconhecido,,Estado Desconhecido
Nome Invalido,. .***.***-6,,Endereço Invalido,Estado Desconhecido,,Estado Desconhecido
Renan Da Luz,. .***.***-4,,Endereço Invalido,Estado Desconhecido,,Estado Desconhecido
Caroline Costa,. .***.***-1,,Endereço Invalido,Estado Desconhecido,,Estado Desconhecido
Giovanna Farias,. .***.***-1,,Endereço Invalido,Estado Desconhecido,,Estado Desconhecido
Maitê Araújo,. .***.***-6,,Endereço Invalido,Estado Desconhecido,,Estado Desconhecido
Lavínia Da Mota,. .***.***-9,,Endereço Invalido,Estado Desconhecido,,Estado Desconhecido
Igor Cardoso,. .***.***-5,,Endereço Invalido,Estado Desconhecido,,Estado Desconhecido
Maria Julia Campos,. .***.***-8,,Endereço Invalido,Estado Desconhecido,,Estado Desconhecido
Marcos Vinicius Das Neves,. .***.***-7,,Endereço Invalido,Estado Desconhecido,,Estado Desconhecido
Isabel Barbosa,. .***.***-6,,Endereço Invalido,Estado Desconhecido,,Estado Desconhecido
Ryan Gomes,. .***.***-1,,Endereço Invalido,Estado Desconhecido,,Estado Desconhecido
Breno Duarte,. .***.***-3,,Endereço Invalido,Estado Desconhecido,,Estado Desconhecido
Eloah Peixoto,. .***.***-4,,Endereço Invalido,Estado Desconhecido,,Estado Desconhecido
Luiza Sales,. .***.***-6,,Endereço Invalido,Estado Desconhecido,,Estado Desconhecido
Dr. Alexandre Sales,. .***.***-7,,Endereço Invalido,Estado Desconhecido,,Estado Desconhecido
Alícia Campos,. .***.***-2,,Endereço Invalido,Estado Desconhecido,,Estado Desconhecido
Luigi Porto,. .***.***-6,,Endereço Invalido,Estado Desconhecido,,Estado Desconhecido
